timestamp,temp,rh,co2,soil,ph,ec,lux,par,water_level
2025-12-08 10:42:42,25.132176011979062,64.76572674012797,502.76098924863953,40.16668422907538,6.498794825248663,1.1956586541887302,991.6721453808134,200.946951229598,0.8085059793126289
2025-12-08 10:42:43,24.96936096759404,65.1440111644326,500.3590334474714,40.01654081736325,6.469138048045337,1.2045115498980967,1019.6305021834232,205.56255309187603,0.8097257377570181
2025-12-08 10:42:44,24.96326088732925,64.72894503907521,501.6363989195046,40.00517503297269,6.569742779952966,1.2060097674325676,1025.4388480165703,203.13115878227575,0.7844551344016452
2025-12-08 10:42:45,25.29712199369716,64.85581412892937,500.0349822214714,39.97960235382818,6.397897266647053,1.1871857061565458,1015.415200780671,208.4179758373484,0.7991235761423415
2025-12-08 10:42:46,25.21154965586184,64.85695204435612,511.863093114213,40.05736000859342,6.584299781636175,1.1964390756694998,1014.0684685935244,208.9679852829786,0.8156741019296134
2025-12-08 10:42:47,25.393395464767345,65.51801806837689,504.0796777224281,40.13745325127596,6.528588768955745,1.1819448367051275,1038.6521290068902,212.13146473821948,0.8018951610141254
2025-12-08 10:42:48,25.468779629765567,64.49468139912024,508.4512831640912,40.14378523413036,6.51412576415837,1.180596259185584,1035.0353867353851,206.7623439763896,0.7977984686993359
2025-12-08 10:42:49,25.56168945314664,64.6573984545529,511.2608279587444,39.98743229982694,6.510995528017623,1.180541671691872,1032.978355799409,214.78407585199844,0.7950771003542224
2025-12-08 10:42:50,25.27274545175572,65.099818544162,504.6659165880423,40.03282858173059,6.455783332675855,1.19611991211025,1046.9015463086,214.49461022645133,0.8049261841861596
2025-12-08 10:42:51,25.49130318418024,64.62709788280586,513.0675894995751,39.90401052578835,6.448108344033247,1.2152148405371412,1073.6437652707089,215.80339729384423,0.8009194391936078
2025-12-08 10:42:52,25.740252982271503,65.8725740370142,508.64323508937554,39.95721744106864,6.482244943524274,1.2064335950781822,1075.447960872404,229.64109570808623,0.8019280682895188
2025-12-08 10:42:53,25.590523425767188,65.16476255328287,502.3994249775643,39.87072048342187,6.54664991394446,1.2052356689704276,1066.8826301238332,220.3543962117696,0.7955047856976576
2025-12-08 10:42:54,25.782608111742974,64.45451031503902,511.5483445129775,39.965421041735,6.4974179697431165,1.1842449519317308,1074.9566966335883,219.61459861914156,0.7920353651669394
2025-12-08 10:42:55,26.00934343120166,64.34694216895517,511.6065484969293,40.03967025250692,6.419191047734077,1.2045056264326273,1098.3186005851844,211.83424094370844,0.8004900336388115
2025-12-08 10:42:56,25.83447988280204,63.389492346594,509.3703813566012,39.863160536004735,6.6027571276014445,1.2067239603111104,1098.0515986454498,219.4897242533908,0.8080783138611982
2025-12-08 10:42:57,25.87439439554937,64.39808472689515,516.7330501562873,40.00569248527498,6.445215197969687,1.1917440560245958,1091.8072346504955,225.6273081592019,0.7942649550189547
2025-12-08 10:42:58,26.076614955616304,64.46924151360001,512.9273958812311,39.95766264247417,6.513709063956616,1.2024852278809324,1123.200982506991,233.62008867269017,0.7972207996667698
2025-12-08 10:42:59,25.918388642882984,64.96189433619377,516.8957671783677,40.06535650777326,6.452682408708067,1.1982188829470597,1103.7911692023445,217.4678956596657,0.7906241450538456
2025-12-08 10:43:00,26.196470973209973,64.44554599445077,511.97583857770434,40.12580790014254,6.564351990828584,1.1908150936491246,1109.6589578379655,232.6080678329008,0.7940676174022074
2025-12-08 10:43:01,26.148879999834016,64.78977389163082,515.3799333416235,40.12732290578981,6.458994131649973,1.186385925204207,1108.9462015831357,222.7072253615776,0.8206404346228333
2025-12-08 10:43:02,26.24090965995485,64.75585498374159,519.6294526031495,39.94729099936527,6.494358677391991,1.194560405292415,1132.5628828607933,228.07067400535897,0.8144408139050052
2025-12-08 10:43:03,26.144011045187305,63.548903427014295,515.4392189124677,39.85794634856241,6.52248062435325,1.1836768243492397,1132.9614401459287,227.49467408899395,0.817159740000572
2025-12-08 10:43:04,26.312932929839075,63.21807666091451,519.5520572323256,40.06543828926477,6.456217121616071,1.1931543157723463,1150.2933765693813,224.86643468134912,0.8134506240733154
2025-12-08 10:43:05,26.537142705701143,63.74008771549162,518.8284248975144,40.01113378976906,6.5998202608848455,1.2053561556471468,1157.489784560951,231.1015905143201,0.8126454415173083
2025-12-08 10:43:06,26.25913235775347,64.05464649323224,511.05683350486026,39.93467982879184,6.442653594126269,1.1922847410025732,1137.3715593383554,234.96877574145077,0.7966110686180924
2025-12-08 10:43:07,26.517699405155582,63.8992990324973,531.0263868342041,39.76761697803601,6.37717076367558,1.194171209349172,1138.50252982552,248.3873805596396,0.8010638455826838
2025-12-08 10:43:08,26.51114323968675,62.98060708838536,513.5570159924647,39.91840952341094,6.394466657254067,1.218049056603659,1144.420133166443,238.8882110196063,0.7875813444259988
2025-12-08 10:43:09,26.317031757171147,62.7525126974984,521.9134449490654,39.95070088355249,6.486552386142105,1.2020769619282254,1160.6465995461697,234.00536487212176,0.8140632627781151
2025-12-08 10:43:10,26.57776834875916,63.752544558509015,520.6954249864368,40.26392490438199,6.519256048999212,1.191870331207496,1158.2791640462783,243.23562092255187,0.7940549821434917
2025-12-08 10:43:11,26.634621371598413,63.18911918230302,527.6982880863574,39.96151300030986,6.486690552693491,1.1942966096131962,1182.360066272189,242.25799851837397,0.8022433522563401
2025-12-08 10:43:12,26.725820554341425,62.55339504841093,524.4247588955891,39.95639061064166,6.525454786553512,1.2048237635885055,1173.8102271928265,254.42674652813648,0.810800287355105
2025-12-08 10:43:13,26.735116981852308,62.749644894465256,536.9633241326854,40.106237366718574,6.519013178021454,1.1914055306891036,1155.4835380548805,245.30359866307657,0.7918551062170407
2025-12-08 10:43:14,26.68699907756492,62.268429533462935,529.1107342700327,39.86321238609932,6.4946689567043565,1.1992693878330485,1162.1502443271947,240.44407949981616,0.8121629675889532
2025-12-08 10:43:15,26.63328187231744,62.201439799927925,529.0928152122596,39.879342888571394,6.518417630008972,1.1905236234900116,1187.150281349628,245.99227764334464,0.785324916777113
2025-12-08 10:43:16,26.717679199321733,61.45097016096023,524.7533156157042,39.93508986714941,6.576225069014599,1.1948961802050928,1179.250901269969,243.4643081830387,0.7813146866039298
2025-12-08 10:43:17,26.84529346085996,62.25641234652244,526.2694221577946,40.02919231792304,6.441810871565236,1.2115657364505086,1202.5548804761836,258.5403771123634,0.8050910271166887
2025-12-08 10:43:18,27.008239833311254,62.25084931314337,529.6189852040796,39.96203076898465,6.441294697480494,1.195767668254893,1176.3973341649944,241.3960434510825,0.7939759850931063
2025-12-08 10:43:19,26.881285905632996,62.553741808532045,530.8196218316064,40.06146077024861,6.438507875437763,1.189972717943052,1194.7072590898165,250.80884508536656,0.8013334030196521
2025-12-08 10:43:20,26.919702033251657,61.57305084012872,528.1473087289993,40.13284247376594,6.498506356844834,1.1850437539528054,1212.6486830653896,251.99917559319485,0.7964189362709826
2025-12-08 10:43:21,26.926533801605835,61.23533106474264,524.2235099162856,39.89855406853469,6.524059801009259,1.1715188977546311,1187.1327612146245,245.7375657078761,0.7954035426026518
2025-12-08 10:43:22,26.93615874351528,61.109015378795576,527.0285099045478,40.03307666210458,6.5407385540184055,1.192269292845726,1185.225775058144,251.70548482852325,0.802370982749378
2025-12-08 10:43:23,26.944295569960865,61.10568107979323,536.1129346174782,39.97329384258416,6.473410112818622,1.211680263543028,1208.4200331420684,245.13479094022333,0.7984045003652569
2025-12-08 10:43:24,27.013806530047912,61.01813594731939,534.0214460946322,40.07686302689391,6.506272694478676,1.1852202407265424,1201.985170354627,257.44801549209234,0.8121121272073447
2025-12-08 10:43:25,26.951340469147,60.26539917473861,534.9645981608104,40.045031369638174,6.5647881080383765,1.196291018783863,1191.948626007898,251.96555704752515,0.7914027866351241
2025-12-08 10:43:26,26.949485988916106,60.00746254079897,532.7501935324201,40.019512766580505,6.477470351334157,1.2157413937308943,1213.422189210383,258.91512424315255,0.7889878632494949
2025-12-08 10:43:27,27.21732240041284,61.14171226879704,529.4483541611216,40.06985348280783,6.500222592109204,1.2164919582064413,1194.4358331147516,253.76598502854125,0.8243430141420115
2025-12-08 10:43:28,27.031037974520174,60.23982011309129,541.1943849113973,40.09339517721338,6.533836662517764,1.1821212316314476,1196.789975150202,254.62417420480097,0.791708012268972
2025-12-08 10:43:29,26.993539331978194,59.893031150294696,535.5842484848768,39.83237092410605,6.466560500206077,1.1857006434584725,1206.4504936699718,243.2947123647757,0.7980740832798913
2025-12-08 10:43:30,26.952323110639743,60.59378205553784,534.8427740558402,39.902313244650806,6.524074189890559,1.2091747490157236,1197.0859255904338,249.8088248637131,0.799683128247715
2025-12-08 10:43:31,26.854308341291283,59.70230273020806,541.7994153225368,39.78883621637676,6.549022012712963,1.197380077404711,1194.928761797996,249.3853187588303,0.792665684380111
2025-12-08 10:43:32,27.01671429328087,59.72405949940845,540.6187295238989,39.98734325943359,6.512613681731446,1.2143240625198066,1207.643148860609,257.6692843392249,0.7916875465763501
2025-12-08 10:43:33,26.994170218166676,60.468110627597525,542.5839397755709,40.207520620967394,6.546414110234949,1.200422756297123,1191.7111687167585,253.87290277817368,0.79887233438005
2025-12-08 10:43:34,27.017491768010927,58.97566960390638,535.6765357815958,40.005840624479134,6.409793629326704,1.1861791432816675,1212.0786966918445,248.9857397241471,0.8119775063807346
2025-12-08 10:43:35,26.904086648210143,58.79583096234442,541.7702854118061,39.91869150866916,6.571804138430471,1.2055707773070834,1213.3267879431185,253.22925164278777,0.8133459099718151
2025-12-08 10:43:36,26.961200673278974,58.99488496011077,540.2363074056377,39.77835681489006,6.527047256102567,1.1996751293761236,1205.1150627830625,243.96049364124696,0.8009574443416169
2025-12-08 10:43:37,27.14844350277641,59.47407763160832,542.5742060042879,39.94640708668237,6.442179686110824,1.1834278498491149,1187.5690205804096,251.78441426430723,0.7991876019081058
2025-12-08 10:43:38,26.86594608744354,58.62961279018798,546.0929224295361,39.94219712088773,6.473499533490246,1.2141294349947405,1192.1736635508164,250.14990423435364,0.8013781091390828
2025-12-08 10:43:39,26.90282807874248,59.749831650937104,544.8346402629,40.00873281875848,6.582028825684006,1.2018967865123595,1196.7713695400153,243.0148381505996,0.7982012291301029
2025-12-08 10:43:40,26.873937265380967,57.92853883424412,533.9232352699338,39.8697211501243,6.486350758439284,1.2003656248340882,1190.3607270292678,248.48467948891533,0.8132969280186524
2025-12-08 10:43:41,26.88574129634032,56.88607861527992,545.8771491181974,40.11254255095998,6.453828087043777,1.2084018995637829,1191.1783531979654,249.04705058974156,0.8279053960409886
2025-12-08 10:43:42,26.84087296848474,57.54858472295914,540.1199782153002,39.99097981263019,6.481054106665665,1.199662405123597,1182.38235271935,240.6701868898668,0.7902294402576638
2025-12-08 10:43:43,26.622008254621218,57.40343635554709,545.3357150223636,39.97489209908663,6.512795890303574,1.1843098195576027,1180.6270845944052,245.72167519426327,0.8070755564420972
2025-12-08 10:43:44,26.841382307453056,58.39122148652047,543.1107289356377,39.92238883370545,6.493679185968664,1.1982208838295418,1174.999338028548,231.09751880661028,0.8021172465306184
2025-12-08 10:43:45,26.82916740521105,57.38937550696686,551.442313870828,39.983667166306624,6.4773502264765535,1.216738128880969,1174.9232384910829,245.32304818587164,0.8067579657179038
2025-12-08 10:43:46,26.636176558967453,57.2337467689128,539.985339813024,40.02378103702294,6.617298600457665,1.2054774416749112,1169.5334539926496,239.0430267120752,0.7945715629547857
2025-12-08 10:43:47,26.335282737172413,57.29780831187191,542.6015888651738,39.84973848938471,6.546595806171614,1.1930048512703515,1189.1719465826911,244.1240007803035,0.8005638512602192
2025-12-08 10:43:48,26.44967407131724,56.46102292900384,550.9137395788433,40.03103405900078,6.415925919715722,1.1797046064823915,1161.8556981414883,249.01215275709023,0.7964541607780706
2025-12-08 10:43:49,26.53547751403788,56.97766236375029,543.9560711882144,40.13722452428996,6.560562277748851,1.1988975948374194,1156.689623067528,240.75820961026568,0.8020940871955663
2025-12-08 10:43:50,26.355609892136272,56.07520503109348,550.045364036934,39.855824927846456,6.516625764554101,1.1986148907938172,1150.8866175826204,225.1555069775369,0.7894933198956569
2025-12-08 10:43:51,26.573548534544127,56.26891379226954,553.5192906502243,39.94771702863222,6.450891250861083,1.1881531343509888,1139.8475312124765,234.73956289347623,0.8156367150038657
2025-12-08 10:43:52,26.42026727010392,55.777755203810806,556.1272793736791,39.9359044389824,6.427954254137408,1.1842680759868056,1145.351552282939,241.7198059827905,0.8112327291799792
2025-12-08 10:43:53,26.540239137811746,56.3729113051,547.793800387493,39.68671791786576,6.664402746170332,1.1945584098608402,1126.92262726394,234.98780432390544,0.7954697518608184
2025-12-08 10:43:54,26.252154442628868,56.02936453958564,552.1995809870176,39.96851238743112,6.5144621780961804,1.2063650947375806,1112.10765631378,232.00397094209637,0.7872615251556887
2025-12-08 10:43:55,26.29165196316755,56.85520192768079,537.6721094452429,40.15416093543535,6.495027991080248,1.2145502323037147,1131.0190122242748,234.687623176314,0.8048471715144172
2025-12-08 10:43:56,26.185331847754448,55.84758408502707,546.7820136708581,39.94692933065138,6.523971079720084,1.1907964024209174,1116.1319745047192,236.0869886649893,0.8092125941339984
2025-12-08 10:43:57,26.24304763241344,56.5273231076354,553.3990225807198,40.18784293974151,6.467267078642603,1.2074636346017749,1134.6148449890168,232.3592747465079,0.8041284097055005
2025-12-08 10:43:58,25.891914792486556,55.15106215799023,544.1925371308826,39.89000502170001,6.513466955294744,1.2013522143686743,1124.8843165100664,230.8367118354647,0.7931071072973848
2025-12-08 10:43:59,26.048270155817317,56.173039982444585,549.1259258461045,39.96147686410611,6.550134943194927,1.212993751728487,1110.205831933721,231.7608392532216,0.7948250839411065
2025-12-08 10:44:00,26.184004458535416,56.03282247172686,552.2783812837728,40.08105689201649,6.420875329672117,1.2060241856916258,1102.864141060184,228.6728273073683,0.7955429716532627
2025-12-08 10:44:01,26.02492550907238,55.39355848295944,536.3260684674772,39.95222211661115,6.460184881819334,1.2055875689672468,1086.2644788543616,226.4413654108713,0.8160900841479987
2025-12-08 10:44:02,25.767554300499302,55.55978680421435,544.6769571469115,40.03183532908188,6.588196053310344,1.1995030953774346,1097.8101773115786,219.4910725378116,0.8070168357868164
2025-12-08 10:44:03,25.78357712367226,55.82085439070247,557.5027233966597,40.06552509416902,6.494231919110349,1.191487790635834,1096.740953486361,218.747786091044,0.8162726244623626
2025-12-08 10:44:04,25.84701100255257,54.696518652944704,561.0178671871928,39.87396190051191,6.426345069419969,1.1953198777181742,1074.5891491418606,217.37631387404903,0.7906589770732353
2025-12-08 10:44:05,25.512863996998057,55.87054580494099,545.2474357803267,39.993483730400825,6.3967002022356345,1.1977386056528547,1064.961256702584,219.3376338759662,0.7951089349120625
2025-12-08 10:44:06,25.868792599541496,54.66433307861679,549.310762034992,40.08681555637911,6.521858779034891,1.1983969700247066,1055.1335268071732,218.91532515775197,0.7876709903791087
2025-12-08 10:44:07,25.69963422474564,54.76342600163289,543.8021511174605,40.04880172556981,6.48228497432356,1.2042212012065117,1045.2611574299726,215.57732642877156,0.8228671805267306
2025-12-08 10:44:08,25.501096440767483,55.58209193422646,543.846462752176,39.878925250458856,6.550602559819567,1.211100662608923,1053.6374425968222,221.03573500767325,0.8099020545245802
2025-12-08 10:44:09,25.53428398412402,55.28594298102876,555.9716830731182,39.8132513931365,6.512440973417044,1.186888624771825,1048.8494380220109,222.2711209959396,0.7743934858635316
2025-12-08 10:44:10,25.575998309066044,54.85844863037165,549.328746192355,39.97068713313056,6.553078709580893,1.203110977525651,1032.3950474954825,210.1781122338289,0.785691419383649
2025-12-08 10:44:11,25.176759516150398,55.78372392977606,552.7262037247236,40.028853607078666,6.575389984760696,1.182922147710324,1032.7012668733248,211.19750612150173,0.8071629597901396
2025-12-08 10:44:12,25.29790859830019,54.61746578722597,549.9786264531839,39.999092638565024,6.527799049782297,1.2110290022939645,1018.203397723902,202.40334967902672,0.8057836392250989
2025-12-08 10:44:13,25.27260259409842,54.91912515659865,559.4778027690887,40.10593232723847,6.549990701905407,1.1873490477750663,1018.6281449659816,209.46749215684503,0.7881659163739305
2025-12-08 10:44:14,25.080076882442583,55.22945320351832,547.0754438757156,40.16489499311562,6.5456912618580345,1.2104215631106028,1018.2026518432348,200.45810723006807,0.8034594259383643
2025-12-08 10:44:15,25.145068463357678,54.91205633357986,550.5518354897437,40.005157421108784,6.514371609218745,1.188806234371074,997.4696695898524,212.52155003269323,0.8123113282198062
2025-12-08 10:44:16,25.10783847542312,54.68346299048506,550.6388491320498,40.186803711672304,6.473096757519417,1.2027886961730658,1000.7151849815384,194.9530223418089,0.8006314134061219
2025-12-08 10:44:17,24.96328304343177,55.23125233349476,550.5887836339341,40.09505582013562,6.520944003631127,1.1979258207949182,1008.4715615003696,194.32562552911975,0.8057047667539577
2025-12-08 10:44:18,25.10175317430646,54.62382091265159,542.0062667551658,40.00226689343449,6.497324135808444,1.2023218600017354,997.0363450149272,194.1976012208721,0.8004593403858233
2025-12-08 10:44:19,24.708252308167825,54.89908166518872,553.986187770726,40.04440840533405,6.478234557071101,1.2122587670264038,978.3129814712332,183.08600818684965,0.8034676856019398
2025-12-08 10:44:20,24.79847151617257,54.14090893999876,548.501466846593,40.0163304050945,6.511635240467065,1.1742404335323111,976.1591391173991,189.8852998206144,0.7821595579865203
2025-12-08 10:44:21,24.64675781614889,55.59484127431048,556.6181546446488,39.95535903209485,6.428102380002547,1.1869432965760054,957.5376697032926,188.58850492495364,0.8063433829305343
2025-12-08 10:44:22,24.4584335913396,55.12969844936461,552.7796427344465,40.155396148584686,6.409309015597426,1.198227577874391,949.5800773159584,186.61331590499657,0.8128954951097312
2025-12-08 10:44:23,24.67365016905756,55.42666287377115,556.52603615916,39.95992472131784,6.563597649163275,1.198845357875754,968.5839119459694,190.33388811430845,0.7982996431294412
2025-12-08 10:44:24,24.6076184754508,54.8792264360312,543.0046967534522,40.18631803878255,6.484134270351039,1.20921845661503,932.7196414911812,187.0466742209517,0.8139737358097828
2025-12-08 10:44:25,24.45160127441262,54.76227055981663,550.3236019159078,39.86976632330097,6.586627741273332,1.1964085700622054,929.8413137003664,182.6030746280116,0.8108571090587338
2025-12-08 10:44:26,24.123963236016323,56.50828215218509,551.9437169343075,40.095654708875976,6.455458911511555,1.210569085297214,939.6958093368836,178.0516341056934,0.7940467363344621
2025-12-08 10:44:27,24.168511048821976,55.75193696945428,540.5201116317537,39.81878166680061,6.530177055922255,1.192940184938147,924.8330544643944,181.4427363530946,0.7960921234826038
2025-12-08 10:44:28,24.419550403490067,56.03443589359192,550.2928544440737,39.98449917423434,6.545124996774263,1.19952129270581,919.2663275522684,188.6667188092841,0.8092001307985924
2025-12-08 10:44:29,23.96384971837943,55.09892378247024,553.4050241662371,39.936330937989375,6.556950167254732,1.2022002435157688,908.9900290569371,176.74158233729597,0.7980788628236979
2025-12-08 10:44:30,24.247540705492877,54.89513115595064,555.3183696965979,40.02408311815167,6.507816606402147,1.2281222039752857,919.2205520605708,175.74010661317593,0.8015462673389481
2025-12-08 10:44:31,24.04799619418221,55.70234372791594,551.9757324529845,39.91365126467928,6.486318686917309,1.1886612916754216,905.89141521454,166.3293434952688,0.8002073007150624
2025-12-08 10:44:32,24.08757633322012,55.571717724586,556.133871639481,40.01914953451944,6.507976220726318,1.1777208200487188,884.3064234300838,181.76560023372824,0.8221832576548767
2025-12-08 10:44:33,23.977203483129603,55.360892524865655,546.4830775558067,40.18409398143768,6.4585279357395375,1.197347688453941,892.1423131526732,159.90951635893572,0.7957717785562783
2025-12-08 10:44:34,23.759311553905405,56.27534432615592,555.9000623451312,40.032017256396266,6.510008875666357,1.1959264555519808,871.4424930831347,175.19590871888687,0.7996153044742661
2025-12-08 10:44:35,23.81370923203329,56.98537597776304,543.6873124178792,39.799680451981466,6.594892075431995,1.1975509405031952,883.1967026069022,168.70571182868952,0.8048367385686301
2025-12-08 10:44:36,23.510485588986544,55.41919072009051,544.9842699040571,39.77245768868866,6.51024536838526,1.1869105233174089,871.6141901781705,181.50256206346157,0.796175937476668
2025-12-08 10:44:37,23.762980328701847,56.489048130317336,544.9164450979919,39.931200015486425,6.477577940088234,1.2017877035619833,844.151411995886,169.326949680917,0.8000269165100015
2025-12-08 10:44:38,23.822886519717844,57.09444207200083,549.3433112321767,39.92034668293776,6.555759588853958,1.212826691924767,859.4113014538946,172.099462555218,0.802955845911317
2025-12-08 10:44:39,23.536837028600168,56.07278109038214,544.3149183965008,40.05667995278355,6.489719937799717,1.1885222511919002,841.6452168252065,166.55555132728233,0.7967486484893292
2025-12-08 10:44:40,23.6335038195307,56.60166368739821,545.9300892819998,40.01025114800069,6.566810002746642,1.1914393681836024,876.9185022984298,158.30187026615047,0.7952237452536002
2025-12-08 10:44:41,23.37555655296697,56.633981442840216,545.9413417932772,39.85134137335752,6.57194483708192,1.2023569452131213,863.2584920091725,164.1136247383029,0.7884289994825053
2025-12-08 10:44:42,23.43792709199353,56.81554718907853,547.1640853841086,39.845290787647606,6.560690456836994,1.1881346577177556,853.7842856191421,160.7475560978749,0.7920195486201087
2025-12-08 10:44:43,23.34721285643893,56.873584414853845,550.092611435997,40.02619338703906,6.445672197740098,1.1838755091071396,846.2302700956199,165.04961226193407,0.7802090745996284
2025-12-08 10:44:44,23.45873348642131,56.90594809540505,543.6008629210274,39.900633050416815,6.476011721534579,1.1998846167834505,853.4594774949209,163.41003166034128,0.8088252346633142
2025-12-08 10:44:45,23.287506765904,57.27571451386204,535.402773203513,39.78478716056647,6.429744180304699,1.1981303895026554,829.2941527019425,154.46355458101291,0.7909484668833668
2025-12-08 10:44:46,23.30557773586751,58.29927123048,533.7332567774987,39.99530772113265,6.478495900105894,1.215474576299813,833.4315623063777,156.79777761468551,0.8052362262032533
2025-12-08 10:44:47,23.35975425840752,57.09244500318144,551.7277296190656,39.94553818904258,6.515382042603417,1.1993207150830243,837.4989850094653,163.25643807346546,0.7952982456073955
2025-12-08 10:44:48,23.298642717470152,57.87781107309216,538.2542520531869,40.03522709706452,6.416002232240022,1.2034261841714964,822.679408319352,154.80426652059785,0.8063072746860864
2025-12-08 10:44:49,23.197898476944257,57.16905516190819,542.2942040740953,40.27804137931575,6.515508105124586,1.195201581666486,830.5784014322161,146.7558430196028,0.8069993380378848
2025-12-08 10:44:50,23.08012856367789,58.35359631637166,540.2750397558049,39.92026290473463,6.502332644223874,1.20039374871822,815.0084385522406,156.8796081065458,0.7967886144883386
2025-12-08 10:44:51,23.33772021935812,58.34785199717477,534.0384001648572,40.11264421111988,6.495273984769168,1.2089231215223553,813.519724780596,155.59646889017623,0.7943764711757049
2025-12-08 10:44:52,23.14685538737591,58.71625604612616,537.3740324524721,40.15511444569792,6.41626853200042,1.2135060889722102,803.3193707518662,150.85105457635535,0.7947599190586774
2025-12-08 10:44:53,23.099656353233083,59.23931311863673,550.0815003788659,40.11591423656829,6.539973669618913,1.1996474005777835,819.5710107651951,150.7982996159708,0.8059770490858416
2025-12-08 10:44:54,23.03492280078514,58.0768227442258,538.2736746187403,40.06252937056868,6.4761766361475965,1.2060437345888468,806.4828014925529,154.98289111615318,0.7959047820224382
2025-12-08 10:44:55,23.002088442808336,58.36964222267187,537.3045941366828,39.92682200406399,6.55560851826905,1.2035447526166645,783.5007482624977,157.86415026775265,0.7849346973283917
2025-12-08 10:44:56,22.99418600927161,59.46758567995244,547.5404471432979,40.1467421625117,6.464559733387779,1.195468304293928,799.368194064757,153.16001353428163,0.7884965424373755
2025-12-08 10:44:57,22.9628830961755,58.78209634467773,536.5558521495653,40.03894493471238,6.532331618193991,1.2022984608525775,814.8676971669785,152.19111774644975,0.8055743562545684
2025-12-08 10:44:58,22.962089076526432,58.54023658751847,549.0899729253703,40.055304565253536,6.526883071569483,1.2027558687420876,791.5236256257951,150.92950210094455,0.8234964977274436
2025-12-08 10:44:59,23.00624589428905,59.323040589744,539.4326035522288,39.98016198427873,6.547635925361823,1.201595865440004,798.9910184928573,152.5210223543643,0.791889242174239
2025-12-08 10:45:00,23.0153282589962,59.38406904520176,541.0062439207903,39.817556046374975,6.470569922201009,1.1895983943246995,805.572297034352,151.7189285332602,0.8027266574239404
2025-12-08 10:45:01,23.018580429002625,60.08481413516123,543.8018075043693,39.96269808420889,6.513150293808257,1.2148983708454046,805.4043631128075,150.66363813778364,0.8228197150982046
2025-12-08 10:45:02,22.852393319964744,60.86678310641332,531.8091007536349,39.90987951833183,6.494165356136757,1.2036184012377908,793.9077416220955,155.34604148651275,0.7996576792321068
2025-12-08 10:45:03,23.101901415084185,60.66220055562875,531.5667633613899,40.09591371034167,6.447451153226024,1.2073944812595676,799.8835027503604,148.29070716494715,0.8006676369612129
2025-12-08 10:45:04,23.10314581725295,60.38556516949847,534.4251447396192,40.15242384607508,6.365014025757434,1.1864085807429496,790.2636457104805,156.08372370239974,0.7962333048931044
2025-12-08 10:45:05,22.99046437194953,60.34712662281302,535.1314212623568,40.027561024538976,6.470007201482366,1.198143759429701,807.6254181252626,156.50218826807082,0.8110200848300785
2025-12-08 10:45:06,22.91234295140464,61.29706684457062,532.394567766933,39.82948217985354,6.487488216985564,1.2040398516296245,797.5351530131754,146.26204167932437,0.8162433063989378
2025-12-08 10:45:07,23.119631173793284,60.30982661474324,537.5669775497654,40.08932213441036,6.502015653736213,1.2035936401555618,778.7933080821256,152.03797275557406,0.7919440872062398
2025-12-08 10:45:08,23.24660249568101,60.04358422735535,535.5244544713933,39.875732922892375,6.44857434675649,1.1960454520141222,792.6488363899175,149.09875321875143,0.7939402245862462
2025-12-08 10:45:09,23.162421560812867,60.953580816882734,538.1385393964249,39.91423301396469,6.4567130766343634,1.1919750356102508,793.3284448362779,146.4756764168171,0.7772369567599009
2025-12-08 10:45:10,23.07186327370969,60.66652421061336,536.4805202734424,39.95645666247761,6.452199545637797,1.1790472133422754,817.6634553389936,151.68634628516955,0.7996812355428539
2025-12-08 10:45:11,23.218884626093548,59.72138495835665,531.8490245173795,39.873273094643466,6.5132033612486655,1.2101887923399377,794.9063702610983,149.82440330595705,0.7858593885758153
2025-12-08 10:45:12,23.116655167403785,61.650242513772014,529.9401184971332,40.08565358439497,6.461622214366524,1.193479331496973,806.2932262710872,149.19012820744766,0.807260040431502
2025-12-08 10:45:13,23.160978494692504,62.20593307133532,527.1957975611164,40.03212099135416,6.480252015259011,1.2115724419293372,802.0837181072742,152.22443347655366,0.8041714528753725
2025-12-08 10:45:14,23.190226681686777,62.11072503421781,532.5775738746063,39.91446662728029,6.548730777426072,1.1901171364423726,808.3812544172355,155.8627338272347,0.8005915031746249
2025-12-08 10:45:15,23.026380917365312,61.54182555495637,523.9006181400093,39.88745374855084,6.540623134811976,1.2010126927810227,810.2882009121865,148.1441115762498,0.8143969098208657
2025-12-08 10:45:16,23.21164361789532,62.03238943121328,525.7604794170245,40.10134618271752,6.557692690407072,1.212856255744686,836.8869398438445,160.75261267165618,0.806030991367742
2025-12-08 10:45:17,23.39431175315177,62.41759611723827,525.4856617720826,39.893017071671466,6.472135431304203,1.2007791427935923,820.906287245667,162.52295248122584,0.7782042618721153
2025-12-08 10:45:18,23.088579474055265,63.03114003777464,523.7616975681059,39.79641066735452,6.484960588070408,1.2124458594270702,833.3289307670732,153.28344262669185,0.7897019131185241
2025-12-08 10:45:19,23.323978766410164,62.192772196878224,518.0359161138092,39.80797358100313,6.50847579671778,1.1931080228405058,836.3274376239117,156.36219781660662,0.8089278939630229
2025-12-08 10:45:20,23.538875017945895,63.20912797499313,525.8934240945521,39.78205632335323,6.552098549887955,1.2074709487976942,834.4341108597735,165.216472503636,0.8051605617222624
2025-12-08 10:45:21,23.13855245206928,62.80558418547358,514.5597753679103,40.02547154980216,6.541153036906285,1.2188849756409648,827.5653323805678,160.87876662731364,0.7901501122650398
2025-12-08 10:45:22,23.314478994209484,62.55579677951186,517.1801735670861,40.11074652498845,6.479879418615001,1.21024094612657,844.025265206474,157.66825267529757,0.8085406277311847
2025-12-08 10:45:23,23.402927154046264,62.79659758884387,521.4584366090672,39.94647362827497,6.533113419568648,1.1999097140731214,836.3508975663316,159.20026364029616,0.8040018487021616
2025-12-08 10:45:24,23.51426946269485,63.29428480860776,526.5276581146462,40.0122560104092,6.500860007635074,1.1982796228864958,836.6332960001077,144.36717774535285,0.7923371905260748
2025-12-08 10:45:25,23.60932439104728,63.70675471456018,514.1791008788459,40.00984334268513,6.455535813816774,1.1965552311791678,852.3664264707436,160.16798507880435,0.7977496804775266
2025-12-08 10:45:26,23.52294149396959,62.64166401919102,529.0406142635499,39.97650599967045,6.503469030422718,1.207464290077959,862.1749433723597,171.43796148772034,0.7974069452643414
2025-12-08 10:45:27,23.6624524344735,64.12324427966631,514.0584162329395,40.16518945415823,6.456459452459652,1.202627488637816,864.614541484871,159.68795697236476,0.8092465221659028
2025-12-08 10:45:28,23.68082344327074,63.29116666827839,517.0545235985136,39.90501268548252,6.53930988256871,1.1938656225634376,862.3592149505054,170.50630159243224,0.8148598315003015
2025-12-08 10:45:29,23.78085010700819,64.16659183874488,516.2058867494065,40.017239280829614,6.562442290250468,1.2058914811074188,874.7656100146827,161.69439301479335,0.8141997715996038
2025-12-08 10:45:30,23.721352266813387,63.74352784957669,515.2404610965457,40.08796557498864,6.542048937162025,1.2161366406643783,873.3647717583948,173.5317201233021,0.8094988058120179
2025-12-08 10:45:31,23.80596017772097,64.04844344539703,509.5314497742909,39.82132545950481,6.579237669136356,1.2021238544582091,893.6531869609593,166.09449417950773,0.8139266722743054
2025-12-08 10:45:32,23.96951564607174,63.96640419655509,517.5657095599738,40.15182896287912,6.474918564746751,1.2053517515228989,879.1190088473336,176.45642427640635,0.8316362503029723
2025-12-08 10:45:33,23.888450883933277,64.41509456499801,516.9355996664368,39.96177907517865,6.541391035955095,1.199096940114507,892.162576806403,177.83262889054333,0.7993302748822546
2025-12-08 10:45:34,24.005652795545465,65.48368630173063,509.74089326763067,39.9469634400943,6.399326555561625,1.2022470529108018,899.9269439202031,173.401095341102,0.819067000290249
2025-12-08 10:45:35,24.05755126903636,64.67800430777345,508.8426277598418,40.18552086990352,6.495577629404105,1.193153342316162,902.0037084486132,173.73108757982436,0.8118157470692766
2025-12-08 10:45:36,24.147985022755737,64.88277451328727,510.092753788188,40.08768201553048,6.549711176494213,1.2043600464827684,915.7341360022912,165.24755424211085,0.8167494546956012
2025-12-08 10:45:37,24.115043037680906,65.02314418777787,501.9158793027887,40.0231704853269,6.505103015960787,1.189382426634405,917.1987507765105,175.50360080133075,0.8083973198295104
2025-12-08 10:45:38,24.210695511133384,63.7124194568177,504.43938744296696,40.10293953936608,6.558304475489361,1.195893773093317,907.8619364811444,182.25983144504195,0.7846217145395302
2025-12-08 10:45:39,24.28787644253092,64.54235744417134,506.7513326853234,39.9821257212036,6.406997892110156,1.2143739290228008,909.3562547409348,177.0307688735722,0.8013197982030695
2025-12-08 10:45:40,24.195189266809415,64.78955944221417,507.8541779849484,40.03816620460057,6.359906451352777,1.2142712130058284,925.5050650193708,179.81087189189205,0.7980305944922793
2025-12-08 10:45:41,24.52903800546728,65.06968281157974,501.1604717607124,39.90170158383065,6.548058042645066,1.1965163271111932,941.322190665212,182.8777767226068,0.7943939770885134
2025-12-08 10:45:42,24.715890544005795,64.09848812661026,506.13893589496513,40.16317562318424,6.472603800829075,1.1822753375105577,946.4078500982012,184.5931486585589,0.8028538929676395
2025-12-08 10:45:43,24.61168269584505,65.36945769793068,507.15726860972944,40.03715971714357,6.482205811723506,1.2012036688688497,948.51245823506,189.599371468407,0.7903616848878879
2025-12-08 10:45:44,24.58301390227024,64.25203745806124,502.38954290268737,39.78345701717373,6.492532354757439,1.1929468670327692,957.0236148555376,185.27116611740965,0.787796476457283
2025-12-08 10:45:45,24.58722284524131,65.2049466506901,498.9240624032249,40.09120232138061,6.472858636421838,1.1862037485348722,959.180377171164,188.872819539782,0.7962294409887575
2025-12-08 10:45:46,24.693213827173377,64.2677426419258,497.3912633627406,40.05806692008128,6.516786938073118,1.195675996757332,973.939710729335,201.84181434756613,0.8028262509759181
2025-12-08 10:45:47,24.88932882185873,65.694399008571,495.9064823471565,39.835387960224,6.443779091404882,1.170737050161733,994.0832999196442,198.398234806935,0.8109333759900009
2025-12-08 10:45:48,24.969828064153404,65.86914021207514,501.51532672951765,40.07305975998056,6.463130481564201,1.2066732186621547,969.772073558441,196.3011546224198,0.7740052149716454
2025-12-08 10:45:49,24.965371621798383,65.10146841438048,505.2529329371021,40.011867858829376,6.462016453977089,1.205393380750351,991.33464561929,194.7561533375679,0.8051594198241476
2025-12-08 10:45:50,24.90256094475916,65.38910175162717,503.55442446576416,40.02777539868988,6.510798782614772,1.1831833891021235,1016.095889314928,198.67521899067555,0.8080439285244032
2025-12-08 10:45:51,24.976906059611217,64.80439994970467,496.28598760820006,40.092869258898375,6.570731310995972,1.211200963432573,995.25476912712,206.9544829694092,0.7986528320554808
2025-12-08 10:45:52,24.94866801392662,64.81771461351553,501.586246874059,39.96928317898672,6.466522482975164,1.2023309893952363,1011.3109973337884,204.67814156357213,0.8132880023468912
2025-12-08 10:45:53,25.032886025994117,64.83830082993674,493.2480293062652,40.03701118142528,6.566117589665443,1.2087574613698295,1004.3349956998196,190.0979808907115,0.7972697410220897
2025-12-08 10:45:54,25.17587827650816,65.17792544511786,491.5500922445484,39.99306535617978,6.464644536153533,1.1914113749501944,1027.0251961317742,210.62310088055776,0.8067441590723033
2025-12-08 10:45:55,25.42753136843995,64.85209865857094,497.5751798256154,40.068693889588495,6.541953264436579,1.1913682396808287,1028.1734142073888,202.26750302511007,0.7879275174629199
2025-12-08 10:45:56,25.31972815803088,64.85070686158696,497.879349263945,40.02125617867761,6.533498324252216,1.212573151136208,1042.7067955150158,210.5525347912552,0.809131439278668
2025-12-08 10:45:57,25.33135882829925,65.16827005494811,489.6272174221375,39.86000861934557,6.461640094319699,1.2002836591044903,1050.8020166125625,209.18823164366543,0.7991816257705866
2025-12-08 10:45:58,25.592986315088066,64.27529455468347,489.2386986882229,40.09187354669087,6.564487794865504,1.2023739061275984,1061.0263577284911,205.07100210616545,0.8161120932115575
2025-12-08 10:45:59,25.68585073120823,64.39774355233438,486.560152435885,40.12149292601719,6.486708209279482,1.1971108002021824,1050.2281286508137,217.08393854940567,0.8048739297062723
2025-12-08 10:46:00,25.641462772713275,64.98165708701642,496.4476111041422,39.954714491980816,6.492321159552224,1.2072054043615033,1058.0336736379036,208.78221062675024,0.8151295124272053
2025-12-08 10:46:01,25.7887900469321,64.64907985361849,493.6614021236391,40.09839842937821,6.476391859001518,1.1959976572780078,1076.268899444246,219.91702201256916,0.8123859464029469
2025-12-08 10:46:02,25.90333227320635,64.67260404446186,481.43882730507744,40.06483664599511,6.459958182903592,1.1919711540801314,1083.860752295372,223.6573563101472,0.795592524207693
2025-12-08 10:46:03,25.84778165895183,64.19170311007016,487.63201872073495,40.01032410288791,6.500947947091156,1.2086574128776857,1075.6808842816283,220.18612307304588,0.783450958564488
2025-12-08 10:46:04,25.9434989027985,64.62558810574221,490.8798682806111,40.036778760578265,6.524607604098584,1.2133862350776734,1089.8221007851273,233.243377700327,0.8152344489405642
2025-12-08 10:46:05,26.01037708254165,64.65981984339261,484.2334539246287,40.13515427062925,6.452081692382364,1.2001424035632395,1100.2225733698542,230.7103830537837,0.7960255820756172
2025-12-08 10:46:06,25.89437045846072,63.81376374711989,485.5305953064007,39.97750493354215,6.500199106718102,1.1962289836585571,1106.0873883358067,224.4401791881409,0.7974154959290936
2025-12-08 10:46:07,26.112327430741583,64.87242591165261,491.34187200673256,40.08481335620502,6.470803079929767,1.186529190398081,1100.6205910916774,214.48183990746676,0.8069979804949028
2025-12-08 10:46:08,26.209615367723437,64.40523696491206,486.7313375360853,39.93431022491415,6.470898274302905,1.201980066441294,1104.0007559282396,229.1450035362362,0.7844511417613
2025-12-08 10:46:09,26.17340395632193,64.29843510932639,471.5336070736812,40.028489170676345,6.468395415502533,1.1946325187085989,1098.4711428014364,227.784027795482,0.8005684027707055
2025-12-08 10:46:10,26.172353093855502,64.76823187710588,489.9669483996419,40.01010170627282,6.437113088376281,1.197474652898454,1117.6539755657373,237.51832125188653,0.7856203506908855
2025-12-08 10:46:11,26.33750452267762,63.17006611747725,476.3154038897301,40.10576138482956,6.531489882769821,1.190026930665169,1132.9553273657673,225.7918764452332,0.7960061342272609
2025-12-08 10:46:12,26.30299339159769,63.26238371423147,482.1673015610128,40.05083243935746,6.561186531427021,1.2163806682868783,1145.3508153451376,233.38578713850487,0.8065955152530708
2025-12-08 10:46:13,26.360522165834148,62.765279098332215,483.131312672277,39.86764795808763,6.498482066220538,1.2118873269233363,1142.5120359780967,236.4595494251037,0.8042415443929027
2025-12-08 10:46:14,26.542033151048415,63.08882242621424,482.9531321138147,39.84459768948597,6.517643594759038,1.2156547210160786,1142.8830163084417,241.49977698279537,0.794416935690014
2025-12-08 10:46:15,26.40451760094701,63.19328697636456,473.6791821450551,40.01601775907323,6.4747566372354,1.2070539634520976,1146.5219618461635,241.2504342333076,0.7913674948855733
2025-12-08 10:46:16,26.462234986985248,62.58446373698451,494.4686923446183,39.9943973098172,6.532634975056876,1.2023589944877473,1151.107451253191,237.24912232381675,0.8056297985452415
2025-12-08 10:46:17,26.5681545146551,62.49827095301104,469.63885730452535,40.12842470569508,6.422758493325242,1.201803118893198,1152.4838983074017,244.124002570456,0.792674752168129
2025-12-08 10:46:18,26.478494130060454,62.38536337637328,486.7572689048476,39.91900848022392,6.398002891583886,1.184441969439766,1178.2729522699806,241.19158261382285,0.7827508746630287
2025-12-08 10:46:19,26.79923577047636,63.02372282169345,479.503841136796,40.07279873274943,6.548563816200514,1.2045112563511702,1163.0902942297591,245.72001780628068,0.7891250216258686
2025-12-08 10:46:20,26.74031432369129,62.3991132023649,474.0185852241557,39.89544819670424,6.524183497654128,1.204901861307815,1163.9890102489608,234.6486878493793,0.8155072555384972
2025-12-08 10:46:21,26.784626354864766,63.42128330585437,473.5861847588113,40.05277902264167,6.51521162902058,1.2064008505165151,1167.2994567297417,247.41059958525707,0.807756832820403
2025-12-08 10:46:22,26.688624488798645,63.22095105684348,476.2078662854525,40.06732250040886,6.549744969758727,1.181466580443128,1177.6673771165738,246.42894846444796,0.7883260707454991
2025-12-08 10:46:23,26.816422446520725,62.79088389389753,473.18723498423833,39.9759346964026,6.5132397019244825,1.1970713528744186,1182.276817600189,246.6320213399558,0.8035314882101844
2025-12-08 10:46:24,26.80005928643198,61.91718944058928,470.5053105779572,39.99104487612984,6.531063102010047,1.193977190672247,1176.4696109907195,247.90639620952268,0.7860682981805742
2025-12-08 10:46:25,26.7611178134137,61.91674104424948,473.8259711024173,39.71409145442291,6.3937848380713325,1.2049914553310852,1173.7178766661702,242.74740031546256,0.7978235078391703
2025-12-08 10:46:26,26.939354256218184,62.15457420494034,468.62333742300734,39.87568802140368,6.552382993806535,1.1887924863113857,1188.7005330393886,245.7655292870981,0.7973371485844696
2025-12-08 10:46:27,26.93207186426533,61.92858827047395,470.3629464940064,39.77693970004766,6.487254521467575,1.205162367036705,1176.6662736102753,248.42854433041327,0.7917445957745745
2025-12-08 10:46:28,26.72614973055614,61.55123979876837,466.0525271384336,40.2510300750085,6.519847946157026,1.2103962319244796,1193.7626072465223,249.45707314624167,0.790765824238977
2025-12-08 10:46:29,26.703049846635185,61.48695468820113,469.4050880263762,39.97467119890317,6.462095020873895,1.2200482738823224,1203.2154651630942,243.56844923044275,0.8039766815651411
2025-12-08 10:46:30,27.03361888180664,60.99293422480167,471.8133705766561,40.04498132188975,6.535075029045446,1.2219923356738986,1181.6337335212145,245.89970254866284,0.7905128164921046
2025-12-08 10:46:31,26.715075907804625,60.73345718480424,467.0863086378087,40.01828519990132,6.52729777894652,1.2064429152324114,1204.5802888536437,254.7018694464451,0.7964005202675025
2025-12-08 10:46:32,27.020175305732582,61.46377480663231,472.95526143616434,39.93516343399393,6.582380449140932,1.2121218439380084,1192.0245936648716,239.51231845050592,0.8054235622383958
2025-12-08 10:46:33,26.8418150043975,60.285180403438765,475.89272556930496,40.09401838461076,6.5135046775423096,1.2020147109575416,1206.7509852970004,245.13056989949493,0.804072999216838
2025-12-08 10:46:34,27.016703587325345,59.77850343416589,462.6909217320277,40.14254261796648,6.555138281001374,1.2187156249516042,1187.4372445287136,249.65718753834255,0.806125402043182
2025-12-08 10:46:35,26.882350366968534,60.89541407949929,461.4261984180481,39.97804378367284,6.521398585272976,1.20356871174141,1199.4055853710138,246.61786483652452,0.803986728103309
2025-12-08 10:46:36,26.952612343528493,60.0082536934146,460.7800662063181,39.919789663725126,6.4739207181674585,1.2237878712068109,1190.6708133109294,248.57341951940805,0.7998459494406338
2025-12-08 10:46:37,27.026520199570744,60.23366946017644,459.36186235074814,39.98435486916219,6.411240163604109,1.2128825817002429,1211.8477086524993,241.600529274566,0.8103391844960958
2025-12-08 10:46:38,26.943342617808337,59.40098421513288,469.7859534397422,39.96110549834098,6.49122345658023,1.2069310312195354,1206.4049966517175,260.95391942827354,0.8023792132105786
2025-12-08 10:46:39,26.9959563475698,59.8424103978693,463.5206465124167,39.90340038375589,6.525925480422881,1.1983998871835244,1213.6307690777212,241.53587927723424,0.7889896882588043
2025-12-08 10:46:40,26.890049928000195,59.71745822157277,464.4202100038659,39.98699743524365,6.465659365076335,1.1911269186350897,1200.0804969718442,253.50503515535075,0.7837004479494388
2025-12-08 10:46:41,26.88614170534264,59.87858731900019,462.1080834718073,39.99603020689165,6.445212148211895,1.2082542057204924,1202.0375980681467,248.6004219953452,0.7978191217581256
2025-12-08 10:46:42,27.066312371894604,58.91956758021629,465.6494823679938,40.16327292920608,6.596775756397276,1.2010342280686477,1191.3061353129087,251.98030604954064,0.7991585829433591
2025-12-08 10:46:43,27.01172208624958,58.81803968199435,456.2403183853156,40.10977638096478,6.517684899020439,1.21190659173527,1206.824761856847,253.17446824139827,0.8033498297544813
2025-12-08 10:46:44,26.87877850992745,58.972015653437296,464.8655261551572,39.88286152554323,6.414756324543592,1.1978854639425236,1188.9310646485565,242.5253329458049,0.796748388861855
2025-12-08 10:46:45,27.101160068336327,58.41127982110986,459.6536671728152,39.94740889743216,6.573786976030788,1.202059579570098,1194.2668848942192,254.68070946037483,0.8177242383716953
2025-12-08 10:46:46,26.88391274550504,58.54961046443224,465.0203525164647,40.12381894302501,6.477568738074488,1.1871974114146888,1191.9978114478165,252.2695691090923,0.8196087680924875
2025-12-08 10:46:47,26.892680088796936,58.8673105088174,464.8047864870946,40.05901166244399,6.572923497023857,1.2204421576207425,1195.0787324439984,244.63362944717775,0.8134392390487102
2025-12-08 10:46:48,26.86194796404993,57.82772226408121,472.21697891958615,39.788108716580375,6.614546763458031,1.202487709427757,1176.7444187372778,249.0452103684675,0.8085696972055766
2025-12-08 10:46:49,26.717076521465344,58.88747217911887,452.6970772898533,40.05338915049986,6.477949109203228,1.2072045156771622,1192.5909637725606,237.81916487914333,0.8113722618982371
2025-12-08 10:46:50,26.656678775142225,58.23850583461335,461.0354798735941,40.15546980765806,6.540468824475009,1.205432234703532,1189.1441431978396,240.95881814615257,0.8035580638279782
2025-12-08 10:46:51,26.812757348884823,58.21725021248728,461.9809283145463,39.93889588018732,6.522654233255375,1.2077018546914715,1179.0750493672276,247.4983572122633,0.7878756214358724
2025-12-08 10:46:52,26.628292730215765,56.76505926105264,464.31281172174687,40.000968199227074,6.459817985006032,1.208257619728585,1172.9451637514564,243.98494029377548,0.7974064891944375
2025-12-08 10:46:53,26.64005812902096,56.84884175797474,455.9355864167148,40.05104740787879,6.555663689846244,1.1971103015781517,1168.3318984595437,235.50979078093357,0.7902661784534205
2025-12-08 10:46:54,26.542155877612156,58.27602008624984,452.0194231823952,39.91506375152593,6.50514389417682,1.2058389794783824,1178.9547942643806,239.31403116680653,0.8005614243488437
2025-12-08 10:46:55,26.520076918461942,56.98671204447663,461.5877170951801,40.09676978459526,6.5418976918671685,1.2023328930242396,1179.910751665613,236.37540791258675,0.7929068662426625
2025-12-08 10:46:56,26.57139085132278,57.46232652511201,454.8576361985715,39.99077527720882,6.575643248680497,1.2110033217985368,1150.1650794207626,254.21274933636892,0.8088364244584643
2025-12-08 10:46:57,26.574821995613213,57.21949800469331,456.2913273322959,40.077616752141154,6.496683604549143,1.2051260741852563,1172.196557678865,235.825199273236,0.8024037018453919
2025-12-08 10:46:58,26.534018178205148,57.11290026334223,453.4686581067648,39.76212521564745,6.4975010463035545,1.1775526482719196,1156.1972089201145,234.55267634275816,0.8004183997086306
2025-12-08 10:46:59,26.49926355087397,57.067052807139206,451.7716267657493,40.00823970547619,6.513562874252742,1.2031001293223185,1163.831698779558,232.36654866601435,0.7976275830395594
2025-12-08 10:47:00,26.35153960662781,55.939473537177726,455.6788648840792,40.07264638278528,6.456947574532951,1.1934786096771604,1147.27966696852,240.47565049285376,0.7840641560502054
2025-12-08 10:47:01,26.40710243551241,56.49408210461336,461.0871413423649,40.17652927710711,6.490872335673098,1.191466309951686,1140.7182590975854,238.7048222403564,0.8026086063819715
2025-12-08 10:47:02,26.46753005216117,57.04473809110316,461.35807616068,40.10658325785664,6.494308587217751,1.1861446682727694,1139.0605634512349,228.05111602976163,0.8092922249130414
2025-12-08 10:47:03,26.1894592294265,55.53919697444484,447.55349411691327,39.900828038089344,6.536203612884959,1.1975648922939968,1122.7479003298013,237.43298524961023,0.803697185679712
2025-12-08 10:47:04,26.157413096439388,56.28600973436962,466.0325231704561,40.14251061219223,6.565288963620333,1.2066874584095155,1110.5726529547817,235.18691857475105,0.794601338205554
2025-12-08 10:47:05,26.20092788082891,55.39116267674935,452.1920222406722,39.9680597883599,6.55182857700291,1.197814644333152,1120.688246128041,224.12939780235095,0.7753129028426217
2025-12-08 10:47:06,26.09486115472645,55.64522526936828,450.2964808462765,39.83703212719654,6.478764186048056,1.1916742670206852,1113.759096762658,231.1649946127341,0.8007986172625418
2025-12-08 10:47:07,26.000687384238372,55.61601943790662,448.8195388250998,39.859904049313165,6.50355704107742,1.2059531715247285,1099.5520684319663,219.10980948746652,0.7922847512803224
2025-12-08 10:47:08,26.199822605521668,56.6510963954032,451.313923254974,39.91661786069293,6.480704418379644,1.1904834312351085,1117.5062435237407,225.8000506358888,0.8114861441064529
2025-12-08 10:47:09,26.102415134143417,56.09261187903558,449.4007319901737,39.96899924252265,6.512303948132847,1.1948120836248992,1085.5442990897052,222.58982543117895,0.8014714913631873
2025-12-08 10:47:10,26.157409976519496,56.22177977861076,446.9584535839548,39.95856150852514,6.403715750788618,1.1943323568109625,1105.9303725328202,222.0289948598413,0.7956171602138505
2025-12-08 10:47:11,25.82530374422604,55.30311485307443,445.7617942835645,40.10478652360325,6.432265373338127,1.203905201604595,1080.2641046920992,218.1970940797027,0.8064329968906917
2025-12-08 10:47:12,25.80163534329882,55.56050221846508,450.6564808014464,40.092554392241496,6.526315955198086,1.2025386799061086,1087.7395277513235,218.3452321665248,0.8039030970795126
2025-12-08 10:47:13,25.67631724904683,55.57349228262266,452.8213614884743,39.93054182637721,6.517748747413062,1.1991096890196895,1072.3822975238556,220.18201115398935,0.8038082802695945
2025-12-08 10:47:14,25.689627688785485,55.895111417687005,446.7767445268295,40.03978239651224,6.577081781894514,1.1978982978645425,1075.735876307447,215.1356834583538,0.7999457562364984
2025-12-08 10:47:15,25.6728215054089,54.54864161549715,450.2624976300711,40.04869436932413,6.458528300228793,1.1915748299293616,1068.7054816694026,218.3393197705239,0.801042591327749
2025-12-08 10:47:16,25.63941429979666,55.05047571237455,443.4233363513831,39.86511553918302,6.440996498680859,1.206248076334028,1061.532369001294,207.6370151475252,0.8181131426513063
2025-12-08 10:47:17,25.33328004438408,55.20702383110092,452.1529241877447,39.86371749750344,6.4965245249634105,1.1903648871161416,1041.2850315683852,217.7333000464812,0.802215198905053
2025-12-08 10:47:18,25.40782894910785,55.424799293477015,455.6912707879221,40.10745627632773,6.473767023574042,1.1799996287846986,1041.595857429207,208.22886039152317,0.7977127967042688
2025-12-08 10:47:19,25.22310616596239,55.34513402951125,447.8082484651296,39.8911695263288,6.432117755589685,1.2036448818530612,1041.908476526332,203.9992216399693,0.8042918401583011
2025-12-08 10:47:20,25.33458403143138,54.8840255436534,460.01872337591817,39.9234361075956,6.565029014643221,1.2125377413448533,1024.096442986366,212.03206716209135,0.7959586538283917
2025-12-08 10:47:21,25.105477165525446,54.44683302261268,460.062902805206,40.1010786152265,6.567885252453095,1.1985696028581223,999.5236931652404,205.50828107056657,0.8265111162170082
2025-12-08 10:47:22,25.109064990076405,54.195934208573405,450.0759213112964,39.99486067975212,6.505741134434811,1.1968855928264672,1010.205374286122,206.1488529447048,0.8175646105123516
2025-12-08 10:47:23,25.04458340299536,55.61991435178975,445.8686038981356,40.00720603201468,6.545881688329494,1.1842416029982843,992.1208589234344,198.5284983288855,0.8051542515911556
2025-12-08 10:47:24,24.90586742999904,54.553782889118445,452.1099624983191,39.954747507815455,6.450476341365455,1.1946408917390925,1016.636540896796,200.75622371637115,0.8029161334444134
2025-12-08 10:47:25,24.903636851035333,56.12095368402662,448.4609497193358,40.0946391007618,6.599677087490813,1.1964690141741892,1013.5578811386316,200.62762368730367,0.802262395906456
2025-12-08 10:47:26,24.86747247969713,55.33725550571399,446.7346996527544,39.971163143846354,6.589657887103085,1.2045268335388102,968.8548213701948,198.26322199959307,0.8066709546722417
2025-12-08 10:47:27,24.69324422158367,55.66592304392341,443.8195323913641,39.99695458249777,6.458748287206205,1.225334566950337,996.1415332912976,192.13464568455524,0.7983528521874105
2025-12-08 10:47:28,24.61648036995367,54.87822183527834,447.3070351256479,39.80574065918192,6.436139032829819,1.1923417384994015,980.659420178792,199.07084444858867,0.7960147826852093
2025-12-08 10:47:29,24.754427407590452,55.48884899622887,455.8803737378863,39.94207035349752,6.439704779635641,1.2129753681633415,964.3542340714772,197.409359184132,0.8020150354068842
2025-12-08 10:47:30,24.672270070336616,56.1501247651881,460.1856237663915,39.8906615872472,6.497814185399397,1.1946382567004743,960.0997779412947,195.74219063081927,0.802577397700078
2025-12-08 10:47:31,24.6441499162215,55.88459968728155,445.6641174897909,40.05210083966366,6.459406008674077,1.2007572778408555,951.9673006092916,197.9757597161365,0.7760771935510824
2025-12-08 10:47:32,24.71112523883785,54.85452065059072,454.7833419716579,39.93136301769214,6.526569489009587,1.2088876125407098,952.511660728674,187.53994045751725,0.8146751435798305
2025-12-08 10:47:33,24.294505104144164,55.81971961442106,450.4109416605304,40.00147294876337,6.433281536729479,1.1915459603883505,932.336155014016,181.12191542110637,0.7904633718638023
2025-12-08 10:47:34,24.32301315350224,56.66324628382808,454.3245773642773,40.14615682011924,6.6253608702376265,1.2113254766212465,939.9567534893928,186.5572852712811,0.8036346588069857
2025-12-08 10:47:35,24.194481498315973,54.6658556678471,456.3704459558815,39.76286984365418,6.508715603695219,1.173739048767762,922.9540808752154,177.36127964537022,0.7906138730643174
2025-12-08 10:47:36,24.29706355837832,56.121063745164975,456.3967289997706,40.21319273198651,6.451992136258278,1.2118381866592522,915.3505829085876,173.88222994117774,0.7851943767177401
2025-12-08 10:47:37,23.95412575056605,55.16940660703043,447.0276056609776,40.19585783645157,6.51753920286738,1.191684764845646,899.8546627930376,185.07098031352615,0.8164970667073576
2025-12-08 10:47:38,23.99158133648441,56.21295113485012,452.1231458891304,40.01236231668884,6.479186518635304,1.181846022683306,899.9314060755421,176.81956911218236,0.7886875202727378
2025-12-08 10:47:39,24.2124853173851,55.13668371425392,455.2062600182528,40.02771617410328,6.43641876460301,1.1949729688923258,899.714258772689,176.9286706287393,0.8169875837866711
2025-12-08 10:47:40,23.93327955339592,55.8452758716991,445.9099536254837,39.99583495440826,6.5293735273245535,1.1942288274138328,892.165421931015,176.29612703222483,0.7991906557723264
2025-12-08 10:47:41,23.841047340279168,55.53528162688292,449.26326340821583,39.90751326660298,6.500568178786266,1.2124787364924814,901.7490922250188,171.00632786017428,0.8068242924485449
