timestamp,mode,delta_pred,Kp,Ki,Kd,adapter_mode,par_source,base_Kp,base_Ki,base_Kd
1765730143,auto,0.0000,1.2000,0.010000,0.3000,unknown,measured,1.2000,0.010000,0.3000
1765730145,ia,0.0000,1.2000,0.010000,0.3000,unknown,measured,1.2000,0.010000,0.3000
1765730146,ia,0.0000,1.2000,0.010000,0.3000,unknown,measured,1.2000,0.010000,0.3000
1765730147,ia,0.0000,1.2000,0.010000,0.3000,unknown,measured,1.2000,0.010000,0.3000
1765730148,ia,0.0000,1.2000,0.010000,0.3000,unknown,measured,1.2000,0.010000,0.3000
1765730149,ia,0.0000,1.2000,0.010000,0.3000,unknown,measured,1.2000,0.010000,0.3000
1765730150,ia,0.0000,1.2000,0.010000,0.3000,unknown,measured,1.2000,0.010000,0.3000
1765730151,ia,0.0000,1.2000,0.010000,0.3000,unknown,measured,1.2000,0.010000,0.3000
1765730152,ia,0.0000,1.2000,0.010000,0.3000,unknown,measured,1.2000,0.010000,0.3000
1765730153,ia,0.0000,1.2000,0.010000,0.3000,unknown,measured,1.2000,0.010000,0.3000
1765730154,ia,0.0000,1.2000,0.010000,0.3000,unknown,measured,1.2000,0.010000,0.3000
1765730155,ia,0.0000,1.2000,0.010000,0.3000,unknown,measured,1.2000,0.010000,0.3000
1765730156,ia,0.0000,1.2000,0.010000,0.3000,unknown,measured,1.2000,0.010000,0.3000
1765730157,ia,0.0000,1.2000,0.010000,0.3000,unknown,measured,1.2000,0.010000,0.3000
1765730158,ia,0.0000,1.2000,0.010000,0.3000,unknown,measured,1.2000,0.010000,0.3000
1765730159,ia,0.0000,1.2000,0.010000,0.3000,unknown,measured,1.2000,0.010000,0.3000
1765730160,ia,0.0000,1.2000,0.010000,0.3000,unknown,measured,1.2000,0.010000,0.3000
1765730161,ia,0.0000,1.2000,0.010000,0.3000,unknown,measured,1.2000,0.010000,0.3000
1765730162,ia,0.0000,1.2000,0.010000,0.3000,unknown,measured,1.2000,0.010000,0.3000
1765730163,ia,0.0000,1.2000,0.010000,0.3000,unknown,measured,1.2000,0.010000,0.3000
1765730164,ia,0.0000,1.2000,0.010000,0.3000,unknown,measured,1.2000,0.010000,0.3000
1765730165,ia,0.0000,1.2000,0.010000,0.3000,unknown,measured,1.2000,0.010000,0.3000
1765730166,ia,0.0000,1.2000,0.010000,0.3000,unknown,measured,1.2000,0.010000,0.3000
1765730167,ia,0.0000,1.2000,0.010000,0.3000,unknown,measured,1.2000,0.010000,0.3000
1765730168,ia,0.0000,1.2000,0.010000,0.3000,unknown,measured,1.2000,0.010000,0.3000
1765730169,ia,0.0000,1.2000,0.010000,0.3000,unknown,measured,1.2000,0.010000,0.3000
1765730170,ia,0.0000,1.2000,0.010000,0.3000,unknown,measured,1.2000,0.010000,0.3000
1765730171,ia,0.0000,1.2000,0.010000,0.3000,unknown,measured,1.2000,0.010000,0.3000
1765730172,ia,0.0000,1.2000,0.010000,0.3000,unknown,measured,1.2000,0.010000,0.3000
1765730173,ia,0.0000,1.2000,0.010000,0.3000,unknown,measured,1.2000,0.010000,0.3000
1765730174,ia,0.0000,1.2000,0.010000,0.3000,unknown,measured,1.2000,0.010000,0.3000
1765730175,ia,0.0000,1.2000,0.010000,0.3000,unknown,measured,1.2000,0.010000,0.3000
1765730176,ia,0.0000,1.2000,0.010000,0.3000,unknown,measured,1.2000,0.010000,0.3000
1765730177,ia,0.0000,1.2000,0.010000,0.3000,unknown,measured,1.2000,0.010000,0.3000
1765730178,ia,0.0000,1.2000,0.010000,0.3000,unknown,measured,1.2000,0.010000,0.3000
1765730179,ia,0.0000,1.2000,0.010000,0.3000,unknown,measured,1.2000,0.010000,0.3000
1765730180,ia,0.0000,1.2000,0.010000,0.3000,unknown,measured,1.2000,0.010000,0.3000
1765730181,ia,0.0000,1.2000,0.010000,0.3000,unknown,measured,1.2000,0.010000,0.3000
1765730182,ia,0.0000,1.2000,0.010000,0.3000,unknown,measured,1.2000,0.010000,0.3000
1765730183,ia,0.0000,1.2000,0.010000,0.3000,unknown,measured,1.2000,0.010000,0.3000
1765730184,ia,0.0000,1.2000,0.010000,0.3000,unknown,measured,1.2000,0.010000,0.3000
1765730185,ia,0.0000,1.2000,0.010000,0.3000,unknown,measured,1.2000,0.010000,0.3000
1765730186,ia,0.0000,1.2000,0.010000,0.3000,unknown,measured,1.2000,0.010000,0.3000
1765730187,ia,0.0000,1.2000,0.010000,0.3000,unknown,measured,1.2000,0.010000,0.3000
1765730188,ia,0.0000,1.2000,0.010000,0.3000,unknown,measured,1.2000,0.010000,0.3000
1765730189,ia,0.0000,1.2000,0.010000,0.3000,unknown,measured,1.2000,0.010000,0.3000
1765730190,ia,0.0000,1.2000,0.010000,0.3000,unknown,measured,1.2000,0.010000,0.3000
1765730191,ia,0.0000,1.2000,0.010000,0.3000,unknown,measured,1.2000,0.010000,0.3000
1765730192,ia,0.0000,1.2000,0.010000,0.3000,unknown,measured,1.2000,0.010000,0.3000
1765730193,ia,0.0000,1.2000,0.010000,0.3000,unknown,measured,1.2000,0.010000,0.3000
1765730194,ia,0.0000,1.2000,0.010000,0.3000,unknown,measured,1.2000,0.010000,0.3000
1765730195,ia,0.0000,1.2000,0.010000,0.3000,unknown,measured,1.2000,0.010000,0.3000
1765730196,ia,0.0000,1.2000,0.010000,0.3000,unknown,measured,1.2000,0.010000,0.3000
1765730197,ia,0.0000,1.2000,0.010000,0.3000,unknown,measured,1.2000,0.010000,0.3000
1765730198,ia,0.0000,1.2000,0.010000,0.3000,unknown,measured,1.2000,0.010000,0.3000
1765730199,ia,0.0000,1.2000,0.010000,0.3000,unknown,measured,1.2000,0.010000,0.3000
1765730200,ia,0.0000,1.2000,0.010000,0.3000,unknown,measured,1.2000,0.010000,0.3000
1765730201,ia,0.0000,1.2000,0.010000,0.3000,unknown,measured,1.2000,0.010000,0.3000
1765730202,ia,0.0000,1.2000,0.010000,0.3000,unknown,measured,1.2000,0.010000,0.3000
1765730203,ia,0.0000,1.2000,0.010000,0.3000,unknown,measured,1.2000,0.010000,0.3000
1765730205,ia,0.0000,1.2000,0.010000,0.3000,unknown,measured,1.2000,0.010000,0.3000
1765730206,ia,0.0000,1.2000,0.010000,0.3000,unknown,measured,1.2000,0.010000,0.3000
1765730207,ia,0.0000,1.2000,0.010000,0.3000,unknown,measured,1.2000,0.010000,0.3000
1765730208,ia,0.0000,1.2000,0.010000,0.3000,unknown,measured,1.2000,0.010000,0.3000
1765730209,ia,0.0000,1.2000,0.010000,0.3000,unknown,measured,1.2000,0.010000,0.3000
1765730210,ia,0.0000,1.2000,0.010000,0.3000,unknown,measured,1.2000,0.010000,0.3000
1765730211,ia,0.0000,1.2000,0.010000,0.3000,unknown,measured,1.2000,0.010000,0.3000
1765730212,ia,0.0000,1.2000,0.010000,0.3000,unknown,measured,1.2000,0.010000,0.3000
1765730213,ia,0.0000,1.2000,0.010000,0.3000,unknown,measured,1.2000,0.010000,0.3000
1765730214,ia,0.0000,1.2000,0.010000,0.3000,unknown,measured,1.2000,0.010000,0.3000
1765730215,ia,0.0000,1.2000,0.010000,0.3000,unknown,measured,1.2000,0.010000,0.3000
1765730216,ia,0.0000,1.2000,0.010000,0.3000,unknown,measured,1.2000,0.010000,0.3000
1765730217,ia,0.0000,1.2000,0.010000,0.3000,unknown,measured,1.2000,0.010000,0.3000
1765730218,ia,0.0000,1.2000,0.010000,0.3000,unknown,measured,1.2000,0.010000,0.3000
1765730219,ia,0.0000,1.2000,0.010000,0.3000,unknown,measured,1.2000,0.010000,0.3000
1765730220,ia,0.0000,1.2000,0.010000,0.3000,unknown,measured,1.2000,0.010000,0.3000
1765730221,ia,0.0000,1.2000,0.010000,0.3000,unknown,measured,1.2000,0.010000,0.3000
1765730222,ia,0.0000,1.2000,0.010000,0.3000,unknown,measured,1.2000,0.010000,0.3000
1765730223,ia,0.0000,1.2000,0.010000,0.3000,unknown,measured,1.2000,0.010000,0.3000
1765730224,ia,0.0000,1.2000,0.010000,0.3000,unknown,measured,1.2000,0.010000,0.3000
1765730225,ia,0.0000,1.2000,0.010000,0.3000,unknown,measured,1.2000,0.010000,0.3000
1765730226,ia,0.0000,1.2000,0.010000,0.3000,unknown,measured,1.2000,0.010000,0.3000
1765730227,ia,0.0000,1.2000,0.010000,0.3000,unknown,measured,1.2000,0.010000,0.3000
1765730228,ia,0.0000,1.2000,0.010000,0.3000,unknown,measured,1.2000,0.010000,0.3000
1765730229,ia,0.0000,1.2000,0.010000,0.3000,unknown,measured,1.2000,0.010000,0.3000
1765730230,ia,0.0000,1.2000,0.010000,0.3000,unknown,measured,1.2000,0.010000,0.3000
1765730231,ia,0.0000,1.2000,0.010000,0.3000,unknown,measured,1.2000,0.010000,0.3000
1765730232,ia,0.0000,1.2000,0.010000,0.3000,unknown,measured,1.2000,0.010000,0.3000
1765730233,ia,0.0000,1.2000,0.010000,0.3000,unknown,measured,1.2000,0.010000,0.3000
1765730234,ia,0.0000,1.2000,0.010000,0.3000,unknown,measured,1.2000,0.010000,0.3000
1765730235,ia,0.0000,1.2000,0.010000,0.3000,unknown,measured,1.2000,0.010000,0.3000
1765730236,ia,0.0000,1.2000,0.010000,0.3000,unknown,measured,1.2000,0.010000,0.3000
1765730237,ia,0.0000,1.2000,0.010000,0.3000,unknown,measured,1.2000,0.010000,0.3000
1765730238,ia,0.0000,1.2000,0.010000,0.3000,unknown,measured,1.2000,0.010000,0.3000
1765730239,ia,0.0000,1.2000,0.010000,0.3000,unknown,measured,1.2000,0.010000,0.3000
1765730240,ia,0.0000,1.2000,0.010000,0.3000,unknown,measured,1.2000,0.010000,0.3000
1765730241,ia,0.0000,1.2000,0.010000,0.3000,unknown,measured,1.2000,0.010000,0.3000
1765730242,ia,0.0000,1.2000,0.010000,0.3000,unknown,measured,1.2000,0.010000,0.3000
1765730243,ia,0.0000,1.2000,0.010000,0.3000,unknown,measured,1.2000,0.010000,0.3000
1765730244,ia,0.0000,1.2000,0.010000,0.3000,unknown,measured,1.2000,0.010000,0.3000
1765730245,ia,0.0000,1.2000,0.010000,0.3000,unknown,measured,1.2000,0.010000,0.3000
1765730246,ia,0.0000,1.2000,0.010000,0.3000,unknown,measured,1.2000,0.010000,0.3000
1765730247,ia,0.0000,1.2000,0.010000,0.3000,unknown,measured,1.2000,0.010000,0.3000
1765730248,ia,0.0000,1.2000,0.010000,0.3000,unknown,measured,1.2000,0.010000,0.3000
1765730249,ia,0.0000,1.2000,0.010000,0.3000,unknown,measured,1.2000,0.010000,0.3000
1765730250,ia,0.0000,1.2000,0.010000,0.3000,unknown,measured,1.2000,0.010000,0.3000
1765730251,ia,0.0000,1.2000,0.010000,0.3000,unknown,measured,1.2000,0.010000,0.3000
1765730252,ia,0.0000,1.2000,0.010000,0.3000,unknown,measured,1.2000,0.010000,0.3000
1765730253,ia,0.0000,1.2000,0.010000,0.3000,unknown,measured,1.2000,0.010000,0.3000
1765730254,ia,0.0000,1.2000,0.010000,0.3000,unknown,measured,1.2000,0.010000,0.3000
1765730255,ia,0.0000,1.2000,0.010000,0.3000,unknown,measured,1.2000,0.010000,0.3000
1765730256,ia,0.0000,1.2000,0.010000,0.3000,unknown,measured,1.2000,0.010000,0.3000
1765730257,ia,0.0000,1.2000,0.010000,0.3000,unknown,measured,1.2000,0.010000,0.3000
1765730258,ia,0.0000,1.2000,0.010000,0.3000,unknown,measured,1.2000,0.010000,0.3000
1765730259,ia,0.0000,1.2000,0.010000,0.3000,unknown,measured,1.2000,0.010000,0.3000
1765730260,ia,0.0000,1.2000,0.010000,0.3000,unknown,measured,1.2000,0.010000,0.3000
1765730261,ia,0.0000,1.2000,0.010000,0.3000,unknown,measured,1.2000,0.010000,0.3000
1765730262,ia,0.0000,1.2000,0.010000,0.3000,unknown,measured,1.2000,0.010000,0.3000
1765730263,ia,0.0000,1.2000,0.010000,0.3000,unknown,measured,1.2000,0.010000,0.3000
1765730264,ia,0.0000,1.2000,0.010000,0.3000,unknown,measured,1.2000,0.010000,0.3000
1765730265,ia,0.0000,1.2000,0.010000,0.3000,unknown,measured,1.2000,0.010000,0.3000
1765730267,ia,0.0000,1.2000,0.010000,0.3000,unknown,measured,1.2000,0.010000,0.3000
1765730268,ia,0.0000,1.2000,0.010000,0.3000,unknown,measured,1.2000,0.010000,0.3000
1765730269,ia,0.0000,1.2000,0.010000,0.3000,unknown,measured,1.2000,0.010000,0.3000
1765730270,ia,0.0000,1.2000,0.010000,0.3000,unknown,measured,1.2000,0.010000,0.3000
1765730271,ia,0.0000,1.2000,0.010000,0.3000,unknown,measured,1.2000,0.010000,0.3000
1765730272,ia,0.0000,1.2000,0.010000,0.3000,unknown,measured,1.2000,0.010000,0.3000
1765730273,ia,0.0000,1.2000,0.010000,0.3000,unknown,measured,1.2000,0.010000,0.3000
1765730274,ia,0.0000,1.2000,0.010000,0.3000,unknown,measured,1.2000,0.010000,0.3000
1765730275,ia,0.0000,1.2000,0.010000,0.3000,unknown,measured,1.2000,0.010000,0.3000
1765730276,ia,0.0000,1.2000,0.010000,0.3000,unknown,measured,1.2000,0.010000,0.3000
1765730277,ia,0.0000,1.2000,0.010000,0.3000,unknown,measured,1.2000,0.010000,0.3000
1765730279,ia,0.0000,1.2000,0.010000,0.3000,unknown,measured,1.2000,0.010000,0.3000
1765730280,ia,0.0000,1.2000,0.010000,0.3000,unknown,measured,1.2000,0.010000,0.3000
1765730281,ia,0.0000,1.2000,0.010000,0.3000,unknown,measured,1.2000,0.010000,0.3000
1765730282,ia,0.0000,1.2000,0.010000,0.3000,unknown,measured,1.2000,0.010000,0.3000
1765730283,ia,0.0000,1.2000,0.010000,0.3000,unknown,measured,1.2000,0.010000,0.3000
1765730284,ia,0.0000,1.2000,0.010000,0.3000,unknown,measured,1.2000,0.010000,0.3000
1765730286,ia,0.0000,1.2000,0.010000,0.3000,unknown,measured,1.2000,0.010000,0.3000
1765730287,ia,0.0000,1.2000,0.010000,0.3000,unknown,measured,1.2000,0.010000,0.3000
1765730288,ia,0.0000,1.2000,0.010000,0.3000,unknown,measured,1.2000,0.010000,0.3000
1765730289,ia,0.0000,1.2000,0.010000,0.3000,unknown,measured,1.2000,0.010000,0.3000
1765730290,ia,0.0000,1.2000,0.010000,0.3000,unknown,measured,1.2000,0.010000,0.3000
1765730291,ia,0.0000,1.2000,0.010000,0.3000,unknown,measured,1.2000,0.010000,0.3000
1765730292,ia,0.0000,1.2000,0.010000,0.3000,unknown,measured,1.2000,0.010000,0.3000
1765730293,ia,0.0000,1.2000,0.010000,0.3000,unknown,measured,1.2000,0.010000,0.3000
1765730294,ia,0.0000,1.2000,0.010000,0.3000,unknown,measured,1.2000,0.010000,0.3000
1765730295,ia,0.0000,1.2000,0.010000,0.3000,unknown,measured,1.2000,0.010000,0.3000
1765730296,ia,0.0000,1.2000,0.010000,0.3000,unknown,measured,1.2000,0.010000,0.3000
1765730297,ia,0.0000,1.2000,0.010000,0.3000,unknown,measured,1.2000,0.010000,0.3000
1765730298,ia,0.0000,1.2000,0.010000,0.3000,unknown,measured,1.2000,0.010000,0.3000
1765730299,ia,0.0000,1.2000,0.010000,0.3000,unknown,measured,1.2000,0.010000,0.3000
1765730300,ia,0.0000,1.2000,0.010000,0.3000,unknown,measured,1.2000,0.010000,0.3000
1765730301,ia,0.0000,1.2000,0.010000,0.3000,unknown,measured,1.2000,0.010000,0.3000
1765730302,ia,0.0000,1.2000,0.010000,0.3000,unknown,measured,1.2000,0.010000,0.3000
1765730303,ia,0.0000,1.2000,0.010000,0.3000,unknown,measured,1.2000,0.010000,0.3000
1765730304,ia,0.0000,1.2000,0.010000,0.3000,unknown,measured,1.2000,0.010000,0.3000
1765730305,ia,0.0000,1.2000,0.010000,0.3000,unknown,measured,1.2000,0.010000,0.3000
1765730306,ia,0.0000,1.2000,0.010000,0.3000,unknown,measured,1.2000,0.010000,0.3000
1765730307,ia,0.0000,1.2000,0.010000,0.3000,unknown,measured,1.2000,0.010000,0.3000
1765730309,ia,0.0000,1.2000,0.010000,0.3000,unknown,measured,1.2000,0.010000,0.3000
1765730310,ia,0.0000,1.2000,0.010000,0.3000,unknown,measured,1.2000,0.010000,0.3000
1765730311,ia,0.0000,1.2000,0.010000,0.3000,unknown,measured,1.2000,0.010000,0.3000
1765730312,ia,0.0000,1.2000,0.010000,0.3000,unknown,measured,1.2000,0.010000,0.3000
1765730313,ia,0.0000,1.2000,0.010000,0.3000,unknown,measured,1.2000,0.010000,0.3000
1765730314,ia,0.0000,1.2000,0.010000,0.3000,unknown,measured,1.2000,0.010000,0.3000
1765730315,ia,0.0000,1.2000,0.010000,0.3000,unknown,measured,1.2000,0.010000,0.3000
1765730316,ia,0.0000,1.2000,0.010000,0.3000,unknown,measured,1.2000,0.010000,0.3000
1765730317,ia,0.0000,1.2000,0.010000,0.3000,unknown,measured,1.2000,0.010000,0.3000
1765730318,ia,0.0000,1.2000,0.010000,0.3000,unknown,measured,1.2000,0.010000,0.3000
1765730319,ia,0.0000,1.2000,0.010000,0.3000,unknown,measured,1.2000,0.010000,0.3000
1765730320,ia,0.0000,1.2000,0.010000,0.3000,unknown,measured,1.2000,0.010000,0.3000
1765730321,ia,0.0000,1.2000,0.010000,0.3000,unknown,measured,1.2000,0.010000,0.3000
1765730322,ia,0.0000,1.2000,0.010000,0.3000,unknown,measured,1.2000,0.010000,0.3000
1765730323,ia,0.0000,1.2000,0.010000,0.3000,unknown,measured,1.2000,0.010000,0.3000
1765730324,ia,0.0000,1.2000,0.010000,0.3000,unknown,measured,1.2000,0.010000,0.3000
1765730325,ia,0.0000,1.2000,0.010000,0.3000,unknown,measured,1.2000,0.010000,0.3000
1765730326,ia,0.0000,1.2000,0.010000,0.3000,unknown,measured,1.2000,0.010000,0.3000
1765730327,ia,0.0000,1.2000,0.010000,0.3000,unknown,measured,1.2000,0.010000,0.3000
1765730328,ia,0.0000,1.2000,0.010000,0.3000,unknown,measured,1.2000,0.010000,0.3000
1765730329,ia,0.0000,1.2000,0.010000,0.3000,unknown,measured,1.2000,0.010000,0.3000
1765730330,ia,0.0000,1.2000,0.010000,0.3000,unknown,measured,1.2000,0.010000,0.3000
1765730331,ia,0.0000,1.2000,0.010000,0.3000,unknown,measured,1.2000,0.010000,0.3000
1765730332,ia,0.0000,1.2000,0.010000,0.3000,unknown,measured,1.2000,0.010000,0.3000
1765730333,ia,0.0000,1.2000,0.010000,0.3000,unknown,measured,1.2000,0.010000,0.3000
1765730334,ia,0.0000,1.2000,0.010000,0.3000,unknown,measured,1.2000,0.010000,0.3000
1765730335,ia,0.0000,1.2000,0.010000,0.3000,unknown,measured,1.2000,0.010000,0.3000
1765730336,ia,0.0000,1.2000,0.010000,0.3000,unknown,measured,1.2000,0.010000,0.3000
1765730337,ia,0.0000,1.2000,0.010000,0.3000,unknown,measured,1.2000,0.010000,0.3000
1765730338,ia,0.0000,1.2000,0.010000,0.3000,unknown,measured,1.2000,0.010000,0.3000
1765730339,ia,0.0000,1.2000,0.010000,0.3000,unknown,measured,1.2000,0.010000,0.3000
1765730340,ia,0.0000,1.2000,0.010000,0.3000,unknown,measured,1.2000,0.010000,0.3000
1765730341,ia,0.0000,1.2000,0.010000,0.3000,unknown,measured,1.2000,0.010000,0.3000
1765730342,ia,0.0000,1.2000,0.010000,0.3000,unknown,measured,1.2000,0.010000,0.3000
1765730343,ia,0.0000,1.2000,0.010000,0.3000,unknown,measured,1.2000,0.010000,0.3000
1765730344,ia,0.0000,1.2000,0.010000,0.3000,unknown,measured,1.2000,0.010000,0.3000
1765730345,ia,0.0000,1.2000,0.010000,0.3000,unknown,measured,1.2000,0.010000,0.3000
1765730346,ia,0.0000,1.2000,0.010000,0.3000,unknown,measured,1.2000,0.010000,0.3000
1765730347,ia,0.0000,1.2000,0.010000,0.3000,unknown,measured,1.2000,0.010000,0.3000
1765730348,ia,0.0000,1.2000,0.010000,0.3000,unknown,measured,1.2000,0.010000,0.3000
1765730349,ia,0.0000,1.2000,0.010000,0.3000,unknown,measured,1.2000,0.010000,0.3000
1765730350,ia,0.0000,1.2000,0.010000,0.3000,unknown,measured,1.2000,0.010000,0.3000
1765730351,ia,0.0000,1.2000,0.010000,0.3000,unknown,measured,1.2000,0.010000,0.3000
1765730352,ia,0.0000,1.2000,0.010000,0.3000,unknown,measured,1.2000,0.010000,0.3000
1765730353,ia,0.0000,1.2000,0.010000,0.3000,unknown,measured,1.2000,0.010000,0.3000
1765730354,ia,0.0000,1.2000,0.010000,0.3000,unknown,measured,1.2000,0.010000,0.3000
1765730355,ia,0.0000,1.2000,0.010000,0.3000,unknown,measured,1.2000,0.010000,0.3000
1765730357,ia,0.0000,1.2000,0.010000,0.3000,unknown,measured,1.2000,0.010000,0.3000
1765730358,ia,0.0000,1.2000,0.010000,0.3000,unknown,measured,1.2000,0.010000,0.3000
1765730359,ia,0.0000,1.2000,0.010000,0.3000,unknown,measured,1.2000,0.010000,0.3000
1765730360,ia,0.0000,1.2000,0.010000,0.3000,unknown,measured,1.2000,0.010000,0.3000
1765730361,ia,0.0000,1.2000,0.010000,0.3000,unknown,measured,1.2000,0.010000,0.3000
1765730362,ia,0.0000,1.2000,0.010000,0.3000,unknown,measured,1.2000,0.010000,0.3000
1765730363,ia,0.0000,1.2000,0.010000,0.3000,unknown,measured,1.2000,0.010000,0.3000
1765730364,ia,0.0000,1.2000,0.010000,0.3000,unknown,measured,1.2000,0.010000,0.3000
1765730365,ia,0.0000,1.2000,0.010000,0.3000,unknown,measured,1.2000,0.010000,0.3000
1765730366,ia,0.0000,1.2000,0.010000,0.3000,unknown,measured,1.2000,0.010000,0.3000
1765730367,ia,0.0000,1.2000,0.010000,0.3000,unknown,measured,1.2000,0.010000,0.3000
1765730368,ia,0.0000,1.2000,0.010000,0.3000,unknown,measured,1.2000,0.010000,0.3000
1765730369,ia,0.0000,1.2000,0.010000,0.3000,unknown,measured,1.2000,0.010000,0.3000
1765730370,ia,0.0000,1.2000,0.010000,0.3000,unknown,measured,1.2000,0.010000,0.3000
1765730371,ia,0.0000,1.2000,0.010000,0.3000,unknown,measured,1.2000,0.010000,0.3000
1765730372,ia,0.0000,1.2000,0.010000,0.3000,unknown,measured,1.2000,0.010000,0.3000
1765730373,ia,0.0000,1.2000,0.010000,0.3000,unknown,measured,1.2000,0.010000,0.3000
1765730374,ia,0.0000,1.2000,0.010000,0.3000,unknown,measured,1.2000,0.010000,0.3000
1765730375,ia,0.0000,1.2000,0.010000,0.3000,unknown,measured,1.2000,0.010000,0.3000
1765730376,ia,0.0000,1.2000,0.010000,0.3000,unknown,measured,1.2000,0.010000,0.3000
1765730377,ia,0.0000,1.2000,0.010000,0.3000,unknown,measured,1.2000,0.010000,0.3000
1765730378,ia,0.0000,1.2000,0.010000,0.3000,unknown,measured,1.2000,0.010000,0.3000
1765730379,ia,0.0000,1.2000,0.010000,0.3000,unknown,measured,1.2000,0.010000,0.3000
1765730380,ia,0.0000,1.2000,0.010000,0.3000,unknown,measured,1.2000,0.010000,0.3000
1765730381,ia,0.0000,1.2000,0.010000,0.3000,unknown,measured,1.2000,0.010000,0.3000
1765730382,ia,0.0000,1.2000,0.010000,0.3000,unknown,measured,1.2000,0.010000,0.3000
1765730383,ia,0.0000,1.2000,0.010000,0.3000,unknown,measured,1.2000,0.010000,0.3000
1765730384,ia,0.0000,1.2000,0.010000,0.3000,unknown,measured,1.2000,0.010000,0.3000
1765730385,ia,0.0000,1.2000,0.010000,0.3000,unknown,measured,1.2000,0.010000,0.3000
1765730386,ia,0.0000,1.2000,0.010000,0.3000,unknown,measured,1.2000,0.010000,0.3000
1765730387,ia,0.0000,1.2000,0.010000,0.3000,unknown,measured,1.2000,0.010000,0.3000
1765730389,ia,0.0000,1.2000,0.010000,0.3000,unknown,measured,1.2000,0.010000,0.3000
1765730390,ia,0.0000,1.2000,0.010000,0.3000,unknown,measured,1.2000,0.010000,0.3000
1765730391,ia,0.0000,1.2000,0.010000,0.3000,unknown,measured,1.2000,0.010000,0.3000
1765730392,ia,0.0000,1.2000,0.010000,0.3000,unknown,measured,1.2000,0.010000,0.3000
1765730393,ia,0.0000,1.2000,0.010000,0.3000,unknown,measured,1.2000,0.010000,0.3000
1765730394,ia,0.0000,1.2000,0.010000,0.3000,unknown,measured,1.2000,0.010000,0.3000
1765730395,ia,0.0000,1.2000,0.010000,0.3000,unknown,measured,1.2000,0.010000,0.3000
1765730396,ia,0.0000,1.2000,0.010000,0.3000,unknown,measured,1.2000,0.010000,0.3000
1765730397,ia,0.0000,1.2000,0.010000,0.3000,unknown,measured,1.2000,0.010000,0.3000
1765730398,ia,0.0000,1.2000,0.010000,0.3000,unknown,measured,1.2000,0.010000,0.3000
1765730399,ia,0.0000,1.2000,0.010000,0.3000,unknown,measured,1.2000,0.010000,0.3000
1765730400,ia,0.0000,1.2000,0.010000,0.3000,unknown,measured,1.2000,0.010000,0.3000
1765730401,ia,0.0000,1.2000,0.010000,0.3000,unknown,measured,1.2000,0.010000,0.3000
1765730402,ia,0.0000,1.2000,0.010000,0.3000,unknown,measured,1.2000,0.010000,0.3000
1765730403,ia,0.0000,1.2000,0.010000,0.3000,unknown,measured,1.2000,0.010000,0.3000
1765730404,ia,0.0000,1.2000,0.010000,0.3000,unknown,measured,1.2000,0.010000,0.3000
1765730405,ia,0.0000,1.2000,0.010000,0.3000,unknown,measured,1.2000,0.010000,0.3000
1765730406,ia,0.0000,1.2000,0.010000,0.3000,unknown,measured,1.2000,0.010000,0.3000
1765730407,ia,0.0000,1.2000,0.010000,0.3000,unknown,measured,1.2000,0.010000,0.3000
1765730408,ia,0.0000,1.2000,0.010000,0.3000,unknown,measured,1.2000,0.010000,0.3000
1765730409,ia,0.0000,1.2000,0.010000,0.3000,unknown,measured,1.2000,0.010000,0.3000
1765730410,ia,0.0000,1.2000,0.010000,0.3000,unknown,measured,1.2000,0.010000,0.3000
1765730411,ia,0.0000,1.2000,0.010000,0.3000,unknown,measured,1.2000,0.010000,0.3000
1765730412,ia,0.0000,1.2000,0.010000,0.3000,unknown,measured,1.2000,0.010000,0.3000
1765730413,ia,0.0000,1.2000,0.010000,0.3000,unknown,measured,1.2000,0.010000,0.3000
1765730414,ia,0.0000,1.2000,0.010000,0.3000,unknown,measured,1.2000,0.010000,0.3000
1765730415,ia,0.0000,1.2000,0.010000,0.3000,unknown,measured,1.2000,0.010000,0.3000
1765730416,ia,0.0000,1.2000,0.010000,0.3000,unknown,measured,1.2000,0.010000,0.3000
1765730417,ia,0.0000,1.2000,0.010000,0.3000,unknown,measured,1.2000,0.010000,0.3000
1765730418,ia,0.0000,1.2000,0.010000,0.3000,unknown,measured,1.2000,0.010000,0.3000
1765730419,ia,0.0000,1.2000,0.010000,0.3000,unknown,measured,1.2000,0.010000,0.3000
1765730420,ia,0.0000,1.2000,0.010000,0.3000,unknown,measured,1.2000,0.010000,0.3000
1765730541,auto,0.0000,1.2000,0.010000,0.3000,unknown,unknown,1.2000,0.010000,0.3000
1765730542,ia,0.0000,1.2000,0.010000,0.3000,unknown,measured,1.2000,0.010000,0.3000
1765730543,ia,0.0000,1.2000,0.010000,0.3000,unknown,measured,1.2000,0.010000,0.3000
1765730544,ia,0.0000,1.2000,0.010000,0.3000,unknown,measured,1.2000,0.010000,0.3000
1765730545,ia,0.0000,1.2000,0.010000,0.3000,unknown,measured,1.2000,0.010000,0.3000
1765730546,ia,0.0000,1.2000,0.010000,0.3000,unknown,measured,1.2000,0.010000,0.3000
1765730547,ia,0.0000,1.2000,0.010000,0.3000,unknown,measured,1.2000,0.010000,0.3000
1765730548,ia,0.0000,1.2000,0.010000,0.3000,unknown,measured,1.2000,0.010000,0.3000
1765730549,ia,0.0000,1.2000,0.010000,0.3000,unknown,measured,1.2000,0.010000,0.3000
1765730550,ia,0.0000,1.2000,0.010000,0.3000,unknown,measured,1.2000,0.010000,0.3000
1765730551,ia,0.0000,1.2000,0.010000,0.3000,unknown,measured,1.2000,0.010000,0.3000
1765730552,ia,0.0000,1.2000,0.010000,0.3000,unknown,measured,1.2000,0.010000,0.3000
1765730553,ia,0.0000,1.2000,0.010000,0.3000,unknown,measured,1.2000,0.010000,0.3000
1765730554,ia,0.0000,1.2000,0.010000,0.3000,unknown,measured,1.2000,0.010000,0.3000
1765730555,ia,0.0000,1.2000,0.010000,0.3000,unknown,measured,1.2000,0.010000,0.3000
1765730556,ia,0.0000,1.2000,0.010000,0.3000,unknown,measured,1.2000,0.010000,0.3000
1765730557,ia,0.0000,1.2000,0.010000,0.3000,unknown,measured,1.2000,0.010000,0.3000
1765730558,ia,0.0000,1.2000,0.010000,0.3000,unknown,measured,1.2000,0.010000,0.3000
1765730559,ia,0.0000,1.2000,0.010000,0.3000,unknown,measured,1.2000,0.010000,0.3000
1765730560,ia,0.0000,1.2000,0.010000,0.3000,unknown,measured,1.2000,0.010000,0.3000
1765730561,ia,0.0000,1.2000,0.010000,0.3000,unknown,measured,1.2000,0.010000,0.3000
1765730562,ia,0.0000,1.2000,0.010000,0.3000,unknown,measured,1.2000,0.010000,0.3000
1765730563,ia,0.0000,1.2000,0.010000,0.3000,unknown,measured,1.2000,0.010000,0.3000
1765730564,ia,0.0000,1.2000,0.010000,0.3000,unknown,measured,1.2000,0.010000,0.3000
1765730565,ia,0.0000,1.2000,0.010000,0.3000,unknown,measured,1.2000,0.010000,0.3000
1765730566,ia,0.0000,1.2000,0.010000,0.3000,unknown,measured,1.2000,0.010000,0.3000
1765730567,ia,0.0000,1.2000,0.010000,0.3000,unknown,measured,1.2000,0.010000,0.3000
1765730568,ia,0.0000,1.2000,0.010000,0.3000,unknown,measured,1.2000,0.010000,0.3000
1765730569,ia,0.0000,1.2000,0.010000,0.3000,unknown,measured,1.2000,0.010000,0.3000
1765730570,ia,0.0000,1.2000,0.010000,0.3000,unknown,measured,1.2000,0.010000,0.3000
1765730571,ia,0.0000,1.2000,0.010000,0.3000,unknown,measured,1.2000,0.010000,0.3000
1765730572,ia,0.0000,1.2000,0.010000,0.3000,unknown,measured,1.2000,0.010000,0.3000
1765730573,ia,0.0000,1.2000,0.010000,0.3000,unknown,measured,1.2000,0.010000,0.3000
1765730933,auto,1.0000,1.5000,0.020000,0.0000,unknown,unknown,1.2000,0.010000,0.3000
1765730933,auto,1.0000,1.5000,0.020000,0.0000,unknown,unknown,1.2000,0.010000,0.3000
1765730933,auto,1.0000,1.5000,0.020000,0.0000,unknown,unknown,1.2000,0.010000,0.3000
1765732032,auto,0.0000,1.2000,0.010000,0.3000,unknown,measured,1.2000,0.010000,0.3000
1765732033,auto,0.0000,1.2000,0.010000,0.3000,unknown,measured,1.2000,0.010000,0.3000
1765732034,auto,0.0000,1.2000,0.010000,0.3000,unknown,measured,1.2000,0.010000,0.3000
1765732091,auto,1.0000,1.5000,0.020000,0.0000,unknown,unknown,1.2000,0.010000,0.3000
1765732091,auto,1.0000,1.5000,0.020000,0.0000,unknown,unknown,1.2000,0.010000,0.3000
1765732091,auto,1.0000,1.5000,0.020000,0.0000,unknown,unknown,1.2000,0.010000,0.3000
1765747974,auto,0.5700,1.3368,0.009430,0.2915,unknown,measured,1.2000,0.010000,0.3000
1765757651,auto,0.0000,1.2000,0.010000,0.3000,unknown,measured,1.2000,0.010000,0.3000
1765757652,auto,0.0000,1.2000,0.010000,0.3000,unknown,measured,1.2000,0.010000,0.3000
1765757653,auto,0.0000,1.2000,0.010000,0.3000,unknown,measured,1.2000,0.010000,0.3000
1765757654,auto,0.0000,1.2000,0.010000,0.3000,unknown,measured,1.2000,0.010000,0.3000
1765757655,auto,0.0000,1.2000,0.010000,0.3000,unknown,measured,1.2000,0.010000,0.3000
1765757656,auto,0.0000,1.2000,0.010000,0.3000,unknown,measured,1.2000,0.010000,0.3000
1765757657,auto,0.0000,1.2000,0.010000,0.3000,unknown,measured,1.2000,0.010000,0.3000
1765757658,auto,0.0000,1.2000,0.010000,0.3000,unknown,measured,1.2000,0.010000,0.3000
1765757659,auto,0.0000,1.2000,0.010000,0.3000,unknown,measured,1.2000,0.010000,0.3000
1765757660,auto,0.0000,1.2000,0.010000,0.3000,unknown,measured,1.2000,0.010000,0.3000
1765757661,auto,0.0000,1.2000,0.010000,0.3000,unknown,measured,1.2000,0.010000,0.3000
1765757662,auto,0.0000,1.2000,0.010000,0.3000,unknown,measured,1.2000,0.010000,0.3000
1765757663,auto,0.0000,1.2000,0.010000,0.3000,unknown,measured,1.2000,0.010000,0.3000
1765757664,auto,0.0000,1.2000,0.010000,0.3000,unknown,measured,1.2000,0.010000,0.3000
1765757665,auto,0.0000,1.2000,0.010000,0.3000,unknown,measured,1.2000,0.010000,0.3000
1765757666,auto,0.0000,1.2000,0.010000,0.3000,unknown,measured,1.2000,0.010000,0.3000
1765757667,auto,0.0000,1.2000,0.010000,0.3000,unknown,measured,1.2000,0.010000,0.3000
1765757668,auto,0.0000,1.2000,0.010000,0.3000,unknown,measured,1.2000,0.010000,0.3000
1765757669,auto,0.0000,1.2000,0.010000,0.3000,unknown,measured,1.2000,0.010000,0.3000
1765757670,auto,0.0000,1.2000,0.010000,0.3000,unknown,measured,1.2000,0.010000,0.3000
1765757671,auto,0.0000,1.2000,0.010000,0.3000,unknown,measured,1.2000,0.010000,0.3000
1765757672,auto,0.0000,1.2000,0.010000,0.3000,unknown,measured,1.2000,0.010000,0.3000
1765757673,auto,0.0000,1.2000,0.010000,0.3000,unknown,measured,1.2000,0.010000,0.3000
1765757674,auto,0.0000,1.2000,0.010000,0.3000,unknown,measured,1.2000,0.010000,0.3000
1765757675,auto,0.0000,1.2000,0.010000,0.3000,unknown,measured,1.2000,0.010000,0.3000
1765757676,auto,0.0000,1.2000,0.010000,0.3000,unknown,measured,1.2000,0.010000,0.3000
1765757677,auto,0.0000,1.2000,0.010000,0.3000,unknown,measured,1.2000,0.010000,0.3000
1765757679,auto,0.0000,1.2000,0.010000,0.3000,unknown,measured,1.2000,0.010000,0.3000
1765757680,auto,0.0000,1.2000,0.010000,0.3000,unknown,measured,1.2000,0.010000,0.3000
1765757681,auto,0.0000,1.2000,0.010000,0.3000,unknown,measured,1.2000,0.010000,0.3000
1765757682,auto,0.0000,1.2000,0.010000,0.3000,unknown,measured,1.2000,0.010000,0.3000
1765757683,auto,0.0000,1.2000,0.010000,0.3000,unknown,measured,1.2000,0.010000,0.3000
1765757684,auto,0.0000,1.2000,0.010000,0.3000,unknown,measured,1.2000,0.010000,0.3000
1765757685,auto,0.0000,1.2000,0.010000,0.3000,unknown,measured,1.2000,0.010000,0.3000
1765757686,auto,0.0000,1.2000,0.010000,0.3000,unknown,measured,1.2000,0.010000,0.3000
1765757687,auto,0.0000,1.2000,0.010000,0.3000,unknown,measured,1.2000,0.010000,0.3000
1765757688,auto,0.0000,1.2000,0.010000,0.3000,unknown,measured,1.2000,0.010000,0.3000
1765757689,auto,0.0000,1.2000,0.010000,0.3000,unknown,measured,1.2000,0.010000,0.3000
